geometry,addr:city,addr:country,addr:housenumber,addr:street,building,building:levels,roof:levels,roof:shape,wikidata,name,addr:postcode,amenity,contact:email,contact:phone,contact:website,official_name,opening_hours,operator:type,ref,abandoned,leisure,operator,sport,building:cladding,addr2:street,old_name,disused,source:addr,abandoned:shop,description,building:material,changing_table,check_date,fee,operator:wikidata,website,wheelchair,power,information,tourism,indoor_seating,outdoor_seating,payment:credit_cards,payment:debit_cards,type,building:architecture
"POLYGON ((29.7832938 59.9836744, 29.7838822 59.983555, 29.7835598 59.9831577, 29.783096 59.9825861, 29.779732 59.9832692, 29.7799902 59.9835874, 29.7798373 59.9836185, 29.7799354 59.9837395, 29.7796356 59.9838003, 29.7800655 59.98433, 29.7832938 59.9836744), (29.7804288 59.9832612, 29.7828185 59.9827797, 29.7833866 59.9834853, 29.7809969 59.9839668, 29.7804288 59.9832612))",,,,,yes,,,,,,,,,,,,,,,,,,,,,,,,,,,,,,,,,,,,,,,,multipolygon,
"POLYGON ((29.7831664 59.9874209, 29.7828379 59.9874841, 29.7842224 59.9892842, 29.7835414 59.9894152, 29.783866 59.9898373, 29.7845464 59.9897063, 29.7853306 59.9907257, 29.7856596 59.9906624, 29.7831664 59.9874209), (29.7838375 59.9894773, 29.7842877 59.9893883, 29.78447 59.9896189, 29.7840198 59.9897079, 29.7838375 59.9894773))",,,,,yes,,,,,,,,,,,,,,,,,,,,,,,,,,,,,,,,,,,,,,,,multipolygon,
"POLYGON ((29.7685444 59.9885506, 29.7688683 59.9884859, 29.7692665 59.9884063, 29.7693067 59.9884566, 29.7696072 59.9883966, 29.7692733 59.9879838, 29.7692637 59.987972, 29.7687851 59.988072, 29.768241 59.9881856, 29.7685444 59.9885506), (29.7686263 59.9882183, 29.7688701 59.9881684, 29.7690695 59.9881276, 29.7692111 59.9883007, 29.7687679 59.9883914, 29.7686263 59.9882183))",Кронштадт,RU,1,Коммунистическая улица,yes,3,,hipped,Q117448077,,,,,,,,,,,,,,,,,,,,,,,,,,,,,,,,,,,,multipolygon,
"POLYGON ((29.7671066 59.9884181, 29.7669793 59.9884429, 29.7673248 59.9888702, 29.7674446 59.9888466, 29.7671066 59.9884181))",Кронштадт,,1Ф,Коммунистическая улица,yes,1,,,,,,,,,,,,,,,,,,,,,,,,,,,,,,,,,,,,,,,multipolygon,
"POLYGON ((29.7707858 59.9911832, 29.7707681 59.9911869, 29.7708248 59.9912557, 29.771117 59.9911953, 29.7711064 59.9911825, 29.7711441 59.9911747, 29.7717084 59.9910582, 29.7717179 59.9910698, 29.7719116 59.9910298, 29.7718452 59.9909493, 29.7718654 59.9909452, 29.7718833 59.9909388, 29.7718922 59.9909287, 29.7718895 59.9909178, 29.771876 59.9909091, 29.7718555 59.9909051, 29.7718338 59.9909069, 29.7717879 59.9909164, 29.7717546 59.9908761, 29.7716859 59.9908902, 29.7710961 59.9901759, 29.7711243 59.9901701, 29.7710721 59.9901068, 29.7710634 59.9900962, 29.7710459 59.9900751, 29.7710285 59.990054, 29.7710198 59.9900435, 29.7709675 59.9899802, 29.7707787 59.9900192, 29.770839 59.9900922, 29.7708571 59.9901141, 29.7708738 59.9901344, 29.7709355 59.9902091, 29.7709106 59.9902143, 29.7709643 59.9902793, 29.7710699 59.9904072, 29.7711733 59.9905324, 29.7712771 59.9906582, 29.7713811 59.9907841, 29.7714891 59.990915, 29.7715431 59.9909803, 29.771486 59.9909921, 29.7714704 59.9909733, 29.7711862 59.9910319, 29.7709112 59.9910887, 29.7708908 59.9910724, 29.7708591 59.9910616, 29.7708213 59.991058, 29.7707838 59.9910622, 29.7707552 59.9910724, 29.770736 59.991087, 29.7707289 59.9911041, 29.7707347 59.9911214, 29.7707858 59.9911832))",,,5,Коммунистическая улица,apartments,6,,gabled,Q117448225,,,,,,,,,,,,,,,,,,,,,,,,,,,,,,,,,,,,multipolygon,constructivism
"POLYGON ((29.7724801 59.9904569, 29.7726702 59.9904177, 29.7729896 59.9903519, 29.7733141 59.990285, 29.7734991 59.9902468, 29.7733956 59.9901211, 29.7723765 59.9903312, 29.7724801 59.9904569))",Кронштадт,RU,1,Манежный переулок,yes,4,,,,,197762,,,,,,,,,,,,,,,,,,,,,,,,,,,,,,,,,,multipolygon,
"POLYGON ((29.7762994 59.9866242, 29.7762635 59.9866312, 29.7761209 59.9866589, 29.77616 59.9867092, 29.7763026 59.9866815, 29.7763384 59.9866745, 29.7765051 59.9868892, 29.776523 59.9868857, 29.776553 59.9869244, 29.7768273 59.9868711, 29.7767132 59.9867242, 29.7766275 59.9866138, 29.7767781 59.9865845, 29.7767422 59.9865382, 29.7765915 59.9865675, 29.7762994 59.9866242))",Кронштадт,RU,8 к3,Петровская улица,apartments,3,,hipped,Q117448105,,,,,,,,,,,,,,,,,,,,,,,,,,,,,,,,,,,,multipolygon,
"POLYGON ((29.7701712 59.9894179, 29.7703913 59.989372, 29.7708961 59.9899767, 29.770676 59.9900226, 29.7705406 59.9898604, 29.7702963 59.9895677, 29.7701712 59.9894179))",Кронштадт,RU,3,Коммунистическая улица,apartments,2,0,hipped,Q117448075,,,,,,,,,,,,,,,,,,,,,,,,,,,,,,,,,,,,,
"POLYGON ((29.7721159 59.9907254, 29.7723412 59.9906793, 29.7724337 59.9907881, 29.7724696 59.9907806, 29.7726085 59.9907517, 29.7728756 59.9906961, 29.7731428 59.9906406, 29.7734099 59.990585, 29.773677 59.9905295, 29.7739441 59.9904739, 29.7742113 59.9904184, 29.7744784 59.9903628, 29.7746469 59.9903277, 29.7746269 59.9903027, 29.7745669 59.9902281, 29.7748226 59.9901767, 29.7749728 59.9903636, 29.7722739 59.990916, 29.7721159 59.9907254))",Кронштадт,RU,2,Манежный переулок,apartments,5,,flat,,,,,,,,,,,,,,,,,,,,,,,,,,,,,,,,,,,,,,
"POLYGON ((29.7711628 59.9857231, 29.7715191 59.9856536, 29.7716533 59.9858143, 29.7718793 59.985769, 29.7728313 59.986943, 29.7722464 59.9870592, 29.7711628 59.9857231))",,,2,Макаровская улица,yes,2,,hipped,Q110369925,Арсенал,,,,,,,,,,,,,,,,,,,,,,,,,,,,,,,,,,,,
"POLYGON ((29.7698976 59.9891966, 29.7693067 59.9884566, 29.7696072 59.9883966, 29.7701982 59.9891365, 29.7698976 59.9891966))",Кронштадт,RU,1,Коммунистическая улица,yes,3,,hipped,Q117448076,,,,,,,,,,,,,,,,,,,,,,,,,,,,,,,,,,,,,
"POLYGON ((29.7736492 59.9902729, 29.7740272 59.9901977, 29.7739314 59.9900773, 29.773747 59.990114, 29.7735534 59.9901526, 29.7736492 59.9902729))",Кронштадт,RU,17,Красная улица,apartments,3,,many,,,,,,,,,,,,,,,,,,,,,,,,,,,,,,,,,,,,,,
"POLYGON ((29.77448 59.9900743, 29.7746772 59.9900347, 29.7744547 59.9897573, 29.7743484 59.9897787, 29.7742575 59.9897969, 29.7743155 59.9898692, 29.7744217 59.9900016, 29.77448 59.9900743))",Кронштадт,RU,15,Красная улица,apartments,5,,hipped,,,,,,,,,,,,,,,,,,,,,,,,,,,,,,,,,,,,,,
"POLYGON ((29.7719971 59.9905888, 29.7716136 59.9900951, 29.7718554 59.9900478, 29.7722391 59.9905418, 29.7719971 59.9905888))",Кронштадт,RU,16,Коммунистическая улица,yes,3,,,,Школа № 662,197762,school,info.gbou.nsh.ds662@obr.gov.spb.ru,+7 812 3112690,http://school662.ru,Государственное бюджетное общеобразовательное учреждение начальная школа-детский сад № 662 Кронштадтского района Санкт-Петербурга,Mo-Fr 08:30-19:00; PH off,public,662,,,,,,,,,,,,,,,,,,,,,,,,,,,
"POLYGON ((29.7765357 59.9894937, 29.7764693 59.9894111, 29.77668 59.9893688, 29.7767564 59.989464, 29.7768327 59.9895592, 29.7751327 59.9899004, 29.7746586 59.9893097, 29.7742014 59.9887399, 29.7744628 59.9886874, 29.7745364 59.9887791, 29.7745605 59.9888092, 29.7745204 59.9888173, 29.7746361 59.9889614, 29.7747583 59.9891137, 29.7747929 59.9891067, 29.7748176 59.9891375, 29.7748843 59.9892206, 29.7749145 59.9892583, 29.7749524 59.9893055, 29.775072 59.9894545, 29.7752767 59.9897096, 29.7753245 59.9897185, 29.7753723 59.9897273, 29.7755466 59.9896923, 29.7759029 59.9896208, 29.7762591 59.9895493, 29.7765357 59.9894937))",,,8 к1,Красная улица,apartments,5,,hipped,,,,,,,,,,,,,,,,,,,,,,,,,,,,,,,,,,,,,,
"POLYGON ((29.7754908 59.9888714, 29.7755608 59.9889614, 29.7757003 59.9891408, 29.7758397 59.9893203, 29.7759135 59.9894152, 29.7761842 59.9893625, 29.7761104 59.9892676, 29.7760912 59.9892429, 29.7760456 59.9892517, 29.7759259 59.9890977, 29.7758061 59.9889437, 29.7758544 59.9889343, 29.7758342 59.9889082, 29.7757642 59.9888182, 29.7754908 59.9888714))",,,8 к2,Красная улица,apartments,4,,hipped,,,,,,,,,,,,yes,,,,,,,,,,,,,,,,,,,,,,,,,,
"POLYGON ((29.7733162 59.9875903, 29.7731958 59.9874334, 29.7730746 59.9872755, 29.7733789 59.9872171, 29.7735955 59.9874995, 29.7736204 59.9875319, 29.7733162 59.9875903))",Кронштадт,RU,2,Красная улица,apartments,3,,hipped,Q117448103,,,,,,,,,,,,,,,,,,,,,,,,,,,,,,,,,,,,,
"POLYGON ((29.7801121 59.9880327, 29.7798772 59.9877237, 29.7801784 59.9876664, 29.7804796 59.9876091, 29.7807145 59.9879182, 29.7801121 59.9880327))",,,9А,Петровская улица,yes,3,,,,Центр морской и физической подготовки,,,,,,,Mo-Su 07:15-22:45,,,,sports_centre,ВС РФ,swimming,,,,,,,,,,,,,,,,,,,,,,,
"POLYGON ((29.7747748 59.9887324, 29.774935 59.9887009, 29.7749436 59.9887119, 29.7749759 59.9887056, 29.7752757 59.9886467, 29.7755754 59.9885878, 29.7756067 59.9885817, 29.775598 59.9885707, 29.7757391 59.9885429, 29.7758415 59.9886733, 29.7748772 59.9888628, 29.7747748 59.9887324))",,,8 к3,Красная улица,apartments,4,,hipped,,,,,,,,,,,,,,,,,,,,,,,,,,,,,,,,,,,,,,
"POLYGON ((29.7752219 59.9874926, 29.7751569 59.9874163, 29.7751375 59.9873934, 29.7751682 59.9873869, 29.7751306 59.9873427, 29.7752461 59.9873181, 29.7752562 59.9873301, 29.7754444 59.98729, 29.7754362 59.9872804, 29.7755063 59.9872654, 29.7755159 59.9872768, 29.775542 59.9872712, 29.7756683 59.9872443, 29.7756801 59.9872582, 29.7757724 59.9872386, 29.7757621 59.9872265, 29.7758821 59.9872009, 29.7759116 59.9871946, 29.7759031 59.9871846, 29.775971 59.9871701, 29.7759838 59.9871852, 29.7761797 59.9871435, 29.776171 59.9871332, 29.7762718 59.9871117, 29.7763146 59.987162, 29.776339 59.9871568, 29.7763755 59.9871997, 29.7764234 59.987256, 29.7763307 59.9872757, 29.7763136 59.9872555, 29.7762788 59.987263, 29.7762919 59.9872784, 29.7762599 59.9872852, 29.7762413 59.9872633, 29.7762081 59.9872703, 29.7762242 59.9872893, 29.7760987 59.987316, 29.7760892 59.9873048, 29.7760262 59.9873182, 29.7760118 59.9873013, 29.7759578 59.9873128, 29.7759705 59.9873277, 29.7759156 59.9873394, 29.7759236 59.9873489, 29.7756901 59.9873986, 29.7756787 59.9873852, 29.77562 59.9873977, 29.775607 59.9873824, 29.7755537 59.9873938, 29.7755665 59.9874088, 29.7755096 59.9874209, 29.7755169 59.9874295, 29.7753293 59.9874695, 29.7753183 59.9874566, 29.77527 59.9874668, 29.7752812 59.98748, 29.7752219 59.9874926))",Кронштадт,RU,10 к1,Петровская улица,apartments,5,,flat,,,,,,,,,,,,,,,,brick,,,,,,,,,,,,,,,,,,,,,,
"POLYGON ((29.780041 59.9886173, 29.7802985 59.9885572, 29.7804444 59.9887246, 29.7807277 59.9886603, 29.7807019 59.9886216, 29.7808221 59.9885959, 29.7809766 59.988789, 29.7798951 59.9890252, 29.7797321 59.988832, 29.7798522 59.9888062, 29.7798951 59.9888534, 29.780187 59.988789, 29.780041 59.9886173))",,,,,yes,,,,,,,,,,,,,,,,,,,,,,,,,,,,,,,,,,,,,,,,,
"POLYGON ((29.7763218 59.9891979, 29.7762416 59.9890975, 29.7761667 59.9890036, 29.7760838 59.9889, 29.7761683 59.9888831, 29.776245 59.9888677, 29.7763392 59.9889856, 29.7764308 59.9889673, 29.7765747 59.9891473, 29.7765437 59.9891535, 29.7763218 59.9891979))",,,8 к4,Красная улица,yes,2,,hipped,,,,,,,,,,,,yes,,,,,,,,,,,,,,,,,,,,,,,,,,
"POLYGON ((29.7703154 59.9906757, 29.7700204 59.990315, 29.7703077 59.9902562, 29.7706027 59.9906169, 29.7703154 59.9906757))",,,,,yes,2,,hipped,,,,,,,,,,,,,,,,,,,,,,,,,,,,,,,,,,,,,,
"POLYGON ((29.7749432 59.9872698, 29.7749232 59.9872446, 29.7748224 59.9871176, 29.7747883 59.9870746, 29.7747032 59.9869673, 29.7754466 59.9868197, 29.77548 59.9868619, 29.7750376 59.9869497, 29.7752441 59.9872101, 29.7749432 59.9872698))",Кронштадт,RU,10 к3,Петровская улица,apartments,3,,hipped,Q117448102,,,,,,,,,,,,,,,,,,,,,,,,,,,,,,,,,,,,,
"POLYGON ((29.7739968 59.9884554, 29.7741035 59.9885872, 29.7746835 59.9884707, 29.7747005 59.9884675, 29.7746461 59.9884004, 29.7744848 59.9884331, 29.7743192 59.9884666, 29.7742536 59.9883856, 29.7741758 59.9882895, 29.7740928 59.9883063, 29.7740399 59.988241, 29.7740624 59.9882364, 29.7741937 59.9882099, 29.774133 59.988135, 29.7741876 59.9881239, 29.77423 59.9881764, 29.7746967 59.9880819, 29.7745949 59.9879551, 29.7743592 59.9880026, 29.7737746 59.9881204, 29.773753 59.9881543, 29.7738741 59.9883038, 29.7739968 59.9884554))",Кронштадт,RU,13/6,Петровская улица,apartments,4,,gabled,,,,,,,,,,,,,,,,,Красная улица,Жилой дом купца Васильева А.,,,,,,,,,,,,,,,,,,,,
"POLYGON ((29.7814422 59.9885091, 29.7811247 59.9882, 29.7813908 59.988127, 29.7816997 59.9884404, 29.7814422 59.9885091))",,,,,yes,,,,,,,,,,,,,,,,,,,,,,,,,,,,,,,,,,,,,,,,,
"POLYGON ((29.7701345 59.9882245, 29.77035 59.9881813, 29.7704051 59.98825, 29.7704831 59.9883473, 29.7705002 59.9883439, 29.7705153 59.9883409, 29.7705016 59.9883238, 29.7706126 59.9883015, 29.7706355 59.9882969, 29.7706223 59.9882805, 29.7707448 59.9882559, 29.770758 59.9882723, 29.7708729 59.9882493, 29.7709664 59.9882305, 29.7710044 59.9882229, 29.7710487 59.9882781, 29.7710964 59.9883376, 29.7710583 59.9883452, 29.7703921 59.9884789, 29.7703274 59.988465, 29.7701345 59.9882245))",Кронштадт,RU,4/18,Коммунистическая улица,apartments,5,,flat,,,,,,,,,,,,,,,,,,,,,,,,,,,,,,,,,,,,,,
"POLYGON ((29.7693391 59.9894899, 29.7699747 59.9902475, 29.7702837 59.9901874, 29.770259 59.9901577, 29.7702963 59.9901497, 29.7703068 59.9901586, 29.7703799 59.9901682, 29.7704451 59.990149, 29.7704641 59.9901124, 29.7704259 59.9900798, 29.7703527 59.9900703, 29.7702876 59.9900895, 29.7702844 59.9900956, 29.770219 59.9901096, 29.7696513 59.9894271, 29.7693391 59.9894899))",Кронштадт,RU,3А,Коммунистическая улица,yes,3,,hipped,,,,,,,,,,,,yes,,,,,,,yes,rgis,,,,,,,,,,,,,,,,,,
"POLYGON ((29.7682696 59.9895362, 29.7692071 59.9893351, 29.7693062 59.9894507, 29.7686214 59.9895975, 29.7688025 59.9898088, 29.7685497 59.989863, 29.7685222 59.9898309, 29.7682696 59.9895362))",Кронштадт,RU,1А,Коммунистическая улица,yes,3,,hipped,,,,,,,,,,,,yes,,,,,,,,rgis,,,,,,,,,,,,,,,,,,
"POLYGON ((29.7689365 59.989762, 29.7689941 59.9898282, 29.7691113 59.9898027, 29.7690536 59.9897365, 29.7692888 59.9896853, 29.7692105 59.9895953, 29.7688582 59.9896721, 29.7689365 59.989762))",Кронштадт,RU,3 литБ,Коммунистическая улица,industrial,1,,gabled,,,,,,,,,,,,,,,,,,,,rgis,,,,,,,,,,,,,,,,,,
"POLYGON ((29.7728196 59.9866583, 29.7730204 59.9866147, 29.7730946 59.9867005, 29.7737354 59.9865737, 29.7738687 59.9867405, 29.7730237 59.9869066, 29.7728196 59.9866583))",,,,,yes,,,,,,,,,,,,,,,,,,,,,,,,,,,,,,,,,,,,,,,,,
"POLYGON ((29.7698758 59.987902, 29.7709449 59.9876875, 29.7709988 59.9877547, 29.7712016 59.9880075, 29.7708902 59.9880699, 29.7708117 59.987972, 29.770727 59.9878664, 29.7707017 59.9878349, 29.770308 59.9879139, 29.7702584 59.9879239, 29.770413 59.9881166, 29.7704489 59.9881614, 29.77035 59.9881813, 29.7701345 59.9882245, 29.7698758 59.987902))",Кронштадт,RU,16,Петровская улица,apartments,3,,hipped,Q117448097,,,,,,,,,,,,,,,,,,,,,,,,,,,,,,,,,,,,,
"POLYGON ((29.77406 59.9874451, 29.77436 59.9873856, 29.77412 59.987083, 29.77382 59.9871425, 29.7739605 59.9873197, 29.77406 59.9874451))",Кронштадт,RU,12,Петровская улица,apartments,3,,hipped,Q117448106,,,,,,,,,,,,,,,,,,,,,,,,,,,,,,,,,,,,,
"POLYGON ((29.7735083 59.9878089, 29.7733749 59.9876417, 29.7734826 59.9876202, 29.7734732 59.9876084, 29.7735813 59.9875868, 29.7736473 59.9876695, 29.773674 59.9876642, 29.7737372 59.9876516, 29.7737306 59.9876433, 29.7738232 59.9876248, 29.7738132 59.9876123, 29.7738878 59.9875975, 29.7738986 59.987611, 29.7739231 59.9876061, 29.7740511 59.9875806, 29.7740574 59.9875885, 29.7741489 59.9875702, 29.7741418 59.9875613, 29.7742633 59.9875371, 29.7742899 59.9875318, 29.7742834 59.9875236, 29.7743604 59.9875083, 29.7743691 59.9875192, 29.7745549 59.9874821, 29.774549 59.9874748, 29.7746421 59.9874562, 29.7746827 59.987507, 29.7747098 59.9875016, 29.7747258 59.9875216, 29.7747753 59.9875837, 29.7746573 59.9876073, 29.7746462 59.9875934, 29.7744829 59.987626, 29.7744762 59.9876176, 29.7742708 59.9876586, 29.7742763 59.9876655, 29.7740392 59.9877128, 29.7740295 59.9877007, 29.7738695 59.9877327, 29.773879 59.9877446, 29.7737258 59.9877752, 29.7737356 59.9877875, 29.7736576 59.9878031, 29.7736411 59.9877824, 29.7735083 59.9878089))",Кронштадт,RU,12/4,Петровская улица,apartments,5,,flat,,,,,,,,,,,,,,,,brick,,,,,,,,,,,,,,,,,,,,,,
"POLYGON ((29.775745 59.9867605, 29.7757765 59.9868003, 29.7759272 59.9869902, 29.775978 59.9870542, 29.7756795 59.9871134, 29.7755812 59.9869895, 29.7755574 59.9869595, 29.77548 59.9868619, 29.7754466 59.9868197, 29.775745 59.9867605))",Кронштадт,RU,10 к2,Петровская улица,apartments,3,,hipped,Q117448104,,,,,,,,,,,,,,,,,,,,,,,,,,,,,,,,,,,,,
"POLYGON ((29.7748286 59.987502, 29.7750569 59.9874547, 29.7750636 59.9874533, 29.7750773 59.9874505, 29.7750828 59.9874571, 29.7751335 59.9875183, 29.7748847 59.9875698, 29.7748286 59.987502))",Кронштадт,RU,10 к4,Петровская улица,yes,2,,hipped,Q117448172,,,,,,,,,,,,,,,,,,,,,,,,,,,,,,,,,,,,,
"POLYGON ((29.7764774 59.9871584, 29.7767158 59.9871099, 29.776774 59.9871815, 29.7765356 59.98723, 29.7764774 59.9871584))",Кронштадт,RU,8 к4,Петровская улица,yes,2,,hipped,Q117448171,,,,,,,,,,,,,,,,,,,,,,,,,,,,,,,,,,,,,
"POLYGON ((29.7724595 59.9877763, 29.7726608 59.9877366, 29.772765 59.987716, 29.7724984 59.987378, 29.7721838 59.9874401, 29.7714524 59.9875844, 29.7715055 59.9876517, 29.7717099 59.987911, 29.7720058 59.9878526, 29.7718973 59.987715, 29.772342 59.9876273, 29.7724595 59.9877763))",Кронштадт,RU,14 литБ,Петровская улица,yes,3,,hipped,Q117448098,,,,,,,,,,,,,,,,,,,rgis,,,,,,,,,,,,,,,,,,
"POLYGON ((29.7724754 59.988064, 29.7729796 59.9879645, 29.772782 59.9877128, 29.772765 59.987716, 29.7726608 59.9877366, 29.7728146 59.9879292, 29.7724488 59.9880014, 29.7710798 59.9882716, 29.7710487 59.9882781, 29.7710964 59.9883376, 29.7724754 59.988064))",Кронштадт,RU,14,Петровская улица,yes,3,,gabled,Q117448100,,,,,,,,,,,,,,,,,,,,,,,,,,,,,,,,,,,,,
"POLYGON ((29.777656 59.986352, 29.7779486 59.9862935, 29.7781421 59.9865356, 29.7778495 59.986594, 29.777656 59.986352))",Кронштадт,,6Е,Петровская улица,industrial,,,,,,,,,,,,,,,,,,,,,,,,,,,,,,,,,,,,,,,,,
"POLYGON ((29.7726961 59.9883226, 29.7731526 59.9882324, 29.7732629 59.9883722, 29.7731022 59.9884039, 29.7730725 59.9883663, 29.7730516 59.9883704, 29.7729289 59.9883947, 29.7729586 59.9884323, 29.7728065 59.9884624, 29.7726961 59.9883226))",Кронштадт,RU,15,Петровская улица,apartments,3,,hipped,Q117448007,,,,,,,,,,,,,,,,,,,,,,,,,,,,,,,,,,,,,
"POLYGON ((29.7705791 59.9887379, 29.7714431 59.9885622, 29.771528 59.9886666, 29.7713798 59.9886968, 29.7711305 59.9887475, 29.770893 59.9887958, 29.7710027 59.9889307, 29.7711289 59.9890859, 29.7712567 59.9892431, 29.7713468 59.9893539, 29.7711178 59.9894005, 29.7705791 59.9887379))",Кронштадт,RU,6/21,Коммунистическая улица,apartments,4,,hipped,,,,,,,,,,,,,,,,,,,,,,,,,,,,,,,,,,,,,,
"POLYGON ((29.7656206 59.9900786, 29.7649199 59.9892348, 29.7646497 59.989291, 29.7659425 59.9908477, 29.7663661 59.9907597, 29.7662527 59.9906233, 29.7661082 59.9906532, 29.7657427 59.990213, 29.7664082 59.9900747, 29.7665065 59.9901931, 29.7667697 59.9901385, 29.7665583 59.9898838, 29.7656206 59.9900786))",Кронштадт,,3П,Макаровская улица,yes,,,,,,,,,,,,,,,,,,,,,,,,,,,,,,,,,,,,,,,,,
"POLYGON ((29.7712267 59.9866351, 29.7713726 59.9866069, 29.7712359 59.9864303, 29.7710901 59.9864585, 29.7712267 59.9866351))",,,5,Арсенальный переулок,yes,1,,hipped,,,,,,,,,,,,,,,,,,,,,ticket,Сгоревшее здание,,,,,,,,,,,,,,,,
"POLYGON ((29.7725465 59.985665, 29.7728824 59.9860768, 29.7732084 59.9860102, 29.7728725 59.9855985, 29.7725465 59.985665))",,,,,yes,,,,,,,,,,,,,,,,,,,,,,,,,,,,,,,,,,,,,,,,,
"POLYGON ((29.7810212 59.9862207, 29.7806909 59.9858364, 29.7805089 59.9858755, 29.7808391 59.9862598, 29.7810212 59.9862207))",,,,,yes,,,,,,,,,,,,,,,,,,,,,,,,,,,,,,,,,,,,,,,,,
"POLYGON ((29.7837778 59.9855633, 29.783151 59.9847811, 29.7828768 59.9848361, 29.7835036 59.9856183, 29.7837778 59.9855633))",,,,,yes,,,,,,,,,,,,,,,,,,,,,,,,,,,,,,,,,,,,,,,,,
"POLYGON ((29.7864598 59.9852034, 29.7808153 59.9863286, 29.7809033 59.986439, 29.7865478 59.9853139, 29.7864598 59.9852034))",Кронштадт,,2,Петровская улица,yes,2,,,,,197762,,,,,,,,,,,,,,,,,,,,,,,,,,,,,,,,,,,
"POLYGON ((29.7826724 59.9858768, 29.7819445 59.9850171, 29.7816643 59.9850765, 29.7823921 59.9859362, 29.7826724 59.9858768))",,,,,yes,,,,,,,,,,,,,,,,,,,,,,,,,,,,,,,,,,,,,,,,,
"POLYGON ((29.7815469 59.9860993, 29.7808392 59.985243, 29.7805658 59.9852996, 29.7812734 59.9861559, 29.7815469 59.9860993))",,,,,yes,,,,,,,,,,,,,,,,,,,,,,,,,,,,,,,,,,,,,,,,,
"POLYGON ((29.7831038 59.9855734, 29.7825848 59.9848924, 29.782258 59.9849547, 29.782777 59.9856357, 29.7831038 59.9855734))",,,,,yes,,,,,,,,,,,,,,,,,,,,,,,,,,,,,,,,,,,,,,,,,
"POLYGON ((29.7821198 59.9859914, 29.7814121 59.9851183, 29.7811626 59.9851689, 29.7818702 59.986042, 29.7821198 59.9859914))",,,,,yes,,,,,,,,,,,,,,,,,,,,,,,,,,,,,,,,,,,,,,,,,
"POLYGON ((29.7810373 59.9837885, 29.781463 59.9836989, 29.7810357 59.9831908, 29.78061 59.9832804, 29.7810373 59.9837885))",,,,,yes,,,,,,,,,,,,,,,,,,,,,,,,,,,,,,,,,,,,,,,,,
"POLYGON ((29.7815066 59.9842651, 29.781997 59.98416, 29.781905 59.9840525, 29.7814146 59.9841577, 29.7815066 59.9842651))",,,,,yes,,,,,,,,,,,,,,,,,,,,,,,,,,,,,,,,,,,,,,,,,
"POLYGON ((29.7835598 59.9831577, 29.7838914 59.9830911, 29.7834341 59.9825216, 29.783096 59.9825861, 29.7835598 59.9831577))",,,,,yes,,,,,,,,,,,,,,,,,,,,,,,,,,,,,,,,,,,,,,,,,
"POLYGON ((29.7826344 59.9834766, 29.7822842 59.9829966, 29.7820779 59.9830342, 29.7824281 59.9835143, 29.7826344 59.9834766))",,,,,yes,,,,,,,,,,,,,,,,,,,,,,,,,,,,,,,,,,,,,,,,,
"POLYGON ((29.7831318 59.9833505, 29.7827675 59.9828599, 29.7823482 59.9829378, 29.7827125 59.9834284, 29.7831318 59.9833505))",,,,,yes,,,,,,,,,,,,,,,,,,,,,,,,,,,,,,,,,,,,,,,,,
"POLYGON ((29.7790175 59.9844526, 29.7788205 59.9842172, 29.7786745 59.9842477, 29.7788715 59.9844832, 29.7790175 59.9844526))",,,,,yes,,,,,,,,,,,,,,,,,,,,,,,,,,,,,,,,,,,,,,,,,
"POLYGON ((29.7816958 59.9834066, 29.7821148 59.9833124, 29.7818976 59.9830706, 29.7814786 59.9831648, 29.7816958 59.9834066))",,,,,yes,,,,,,,,,,,,,,,,,,,,,,,,,,,,,,,,,,,,,,,,,
"POLYGON ((29.7793135 59.9843196, 29.7786146 59.9834543, 29.7788218 59.9834124, 29.779536 59.9842967, 29.7796238 59.9842789, 29.7797173 59.9843946, 29.7792835 59.9844823, 29.7791748 59.9843477, 29.7793135 59.9843196))",,,,,yes,,,,,,,,,,,,,,,,,,,,,,,,,,,,,,,,,,,,,,,,,
"POLYGON ((29.7814646 59.9835818, 29.7816698 59.9835387, 29.7813756 59.9831882, 29.7811704 59.9832313, 29.7814646 59.9835818))",,,,,yes,,,,,,,,,,,,,,,,,,,,,,,,,,,,,,,,,,,,,,,,,
"POLYGON ((29.7759763 59.9855003, 29.7754067 59.9848318, 29.7757409 59.9847605, 29.7759465 59.9850019, 29.776341 59.9849178, 29.7761406 59.9846825, 29.7765007 59.9846057, 29.7770773 59.9852825, 29.7767465 59.985353, 29.7764665 59.9850244, 29.7760105 59.9851216, 29.7762783 59.9854359, 29.7759763 59.9855003))",,,,,yes,,,,,,,,,,,,,,,,,,,,,,,,,,,,,,,,,,,,,,,,,
"POLYGON ((29.7731504 59.9866492, 29.7736085 59.9865531, 29.7733913 59.986294, 29.7729333 59.9863901, 29.7731504 59.9866492))",,,,,yes,,,,,,,,,,,,,,,,,,,,,,,,,,,,,,,,,,,,,,,,,
"POLYGON ((29.7780371 59.9869429, 29.7779721 59.9868629, 29.7780317 59.9868508, 29.7779699 59.9867746, 29.7781516 59.9867377, 29.7780879 59.9866592, 29.7786056 59.9865541, 29.7785728 59.9865138, 29.7787731 59.9864731, 29.7788033 59.9865104, 29.778998 59.9864708, 29.7790262 59.9865055, 29.7794403 59.9864214, 29.7796051 59.9866243, 29.7780371 59.9869429))",,,6,Петровская улица,yes,2,,,Q117448004,,,,,,,,,,,,,,,,,,,rgis,,,brick,,,,,,,,,,,,,,,
"POLYGON ((29.7768558 59.9861419, 29.7767589 59.986028, 29.7767085 59.9859586, 29.7768322 59.985933, 29.7765687 59.985614, 29.7763374 59.9856618, 29.7762691 59.9855791, 29.7768148 59.9854663, 29.7768726 59.9855363, 29.7767061 59.9855707, 29.7771323 59.9860869, 29.7770875 59.9860958, 29.7768558 59.9861419))",Кронштадт,,2Л,Макаровская улица,yes,4,,,,,,,,,,,,,,,,,,,,,,,,,,,,,,,,,,,,,,,,
"POLYGON ((29.7738687 59.9867405, 29.7737354 59.9865737, 29.7734881 59.9862609, 29.773822 59.9861946, 29.7740817 59.9865218, 29.7750333 59.9863329, 29.7747867 59.9860222, 29.7752299 59.9859342, 29.7754619 59.9862266, 29.7762011 59.9860798, 29.7763365 59.9862504, 29.7738687 59.9867405))",,,2В,Макаровская улица,yes,2,,,,,,,,,,,,,,,,,,,,,,,,,,,,,,,,,,,,,,,,
"POLYGON ((29.7781537 59.9850865, 29.7775941 59.9844138, 29.7772061 59.9844946, 29.7777658 59.9851673, 29.7781537 59.9850865))",Кронштадт,,2Н,Макаровская улица,yes,,,,,,197762,,,,,,,,,,,,,,,,,,,,,,,,,,,,,,,,,,,
"POLYGON ((29.7774243 59.9860181, 29.7778163 59.9859425, 29.7774734 59.985497, 29.7770814 59.9855726, 29.7774243 59.9860181))",,,2 литП,Петровская улица,yes,,,,,,,,,,,,,,,,,,,,,,,,,,,,,,,,,,,,,,,,,
"POLYGON ((29.7785783 59.9857805, 29.7782364 59.9853294, 29.7777504 59.9854216, 29.7780922 59.9858726, 29.7785783 59.9857805))",,,2 литМ,Макаровская улица,yes,,,,,,,,,,,,,,,,,,,,,,,,,,,,,,,,,,,,,,,,,
"POLYGON ((29.7725591 59.9855466, 29.7726673 59.9856143, 29.7728343 59.9855475, 29.7727261 59.9854798, 29.7725591 59.9855466))",,,,,yes,,,,,,,,,,,,,,,,,,,,,,,,,,,,,,,,,,,,,,,,,
"POLYGON ((29.7779935 59.9863081, 29.7792543 59.9860718, 29.7791719 59.9859618, 29.7785412 59.98608, 29.7785753 59.9861254, 29.7779452 59.9862435, 29.7779935 59.9863081))",Кронштадт,,6В,Петровская улица,industrial,1,,skillion,,,,,,,,,,,,,,,,,,,,,,,,,,,,,,,,,,,,,,
"POLYGON ((29.7760011 59.9858293, 29.7755894 59.9859068, 29.7756565 59.9859958, 29.7760681 59.9859183, 29.7760011 59.9858293))",,,,,yes,,,,,,,,,,,,,,,,,,,,,,,,,,,,,,,,,,,,,,,,,
"POLYGON ((29.7748166 59.9862795, 29.7746384 59.9860509, 29.7744785 59.9860821, 29.7746567 59.9863107, 29.7748166 59.9862795))",,,,,yes,,,,,,,,,,,,,,,,,,,,,,,,,,,,,,,,,,,,,,,,,
"POLYGON ((29.7735346 59.9860894, 29.7731238 59.9855548, 29.7734542 59.9854912, 29.7734141 59.985439, 29.7738759 59.9853502, 29.7739183 59.9854054, 29.7745574 59.9852826, 29.7748328 59.9856409, 29.7750954 59.9855904, 29.7752285 59.9857637, 29.7735346 59.9860894))",Кронштадт,,2Ф,Макаровская улица,yes,,,,,,,,,,,,,,,,,,,,,,,,,,,,,,,,,,,,,,,,,
"POLYGON ((29.7742279 59.9863859, 29.774573 59.9863193, 29.774431 59.9861354, 29.7740859 59.9862021, 29.7742279 59.9863859))",,,,,yes,,,,,,,,,,,,,,,,,,,,,,,,,,,,,,,,,,,,,,,,,
"POLYGON ((29.7817582 59.9866684, 29.7816328 59.9865166, 29.7832759 59.9861771, 29.7838847 59.9869615, 29.7835464 59.9870273, 29.7830937 59.9864342, 29.7829499 59.9864639, 29.7828877 59.9863886, 29.7826109 59.9864458, 29.7826886 59.9865398, 29.7825794 59.9865623, 29.7823304 59.9866139, 29.7822509 59.9865176, 29.78199 59.9865715, 29.7820245 59.9866134, 29.7817582 59.9866684))",Кронштадт,RU,7,Петровская улица,yes,2,,,,,,,,,,,,,,,,,,,,,,rgis,,,,,,,,,,,,,,,,,,
"POLYGON ((29.7836983 59.9892404, 29.7834216 59.9888577, 29.7832808 59.9888832, 29.7835575 59.9892658, 29.7836983 59.9892404))",,,,,yes,,,,,,,,,,,,,,,,,,,,,,,,,,,,,,,,,,,,,,,,,
"POLYGON ((29.7827245 59.9886398, 29.7828661 59.9888322, 29.782769 59.9888501, 29.7827076 59.9887666, 29.7825372 59.988798, 29.7825022 59.9887504, 29.7822746 59.9887923, 29.7822294 59.988731, 29.7827245 59.9886398))",,,,,yes,,,,,Водоподъемная машина,,,,,,,,,,,,,,,,,,,,,,,,,,,,,,,,,,,,
"POLYGON ((29.7815915 59.9874895, 29.7829394 59.9872266, 29.7827914 59.9870368, 29.7814435 59.9872997, 29.7815915 59.9874895))",,,,,yes,,,,,,,,,,,,,,,,,,,,,,,,,,,,,,,,,,,,,,,,,
"POLYGON ((29.783193 59.9887082, 29.7831445 59.9886423, 29.7832224 59.9886279, 29.783103 59.9884657, 29.783247 59.9884392, 29.7834149 59.9886674, 29.783193 59.9887082))",,,,,yes,,,,,,,,,,,,,,,,,,,,,,,,,,,,,,,,,,,,,,,,,
"POLYGON ((29.7823263 59.9867836, 29.7822728 59.9867186, 29.7822263 59.9867281, 29.7821401 59.9866234, 29.781922 59.9866683, 29.7819695 59.9867259, 29.781664 59.9867888, 29.7814641 59.9865459, 29.7810752 59.986626, 29.7813835 59.9870006, 29.7823424 59.9868032, 29.7823263 59.9867836))",,,7 литБ,Петровская улица,yes,,,,,,,,,,,,,,,,,,,,,,,rgis,,,,,,,,,,,,,,,,,,
"POLYGON ((29.7828682 59.9882716, 29.7826674 59.9880273, 29.7825601 59.9880494, 29.7827609 59.9882936, 29.7828682 59.9882716))",,,,,yes,,,,,,,,,,,,,,,,,,,,,,,,,,,,,,,,,,,,,,,,,
"POLYGON ((29.7840043 59.9908758, 29.7833222 59.9910152, 29.7832554 59.9909335, 29.7830908 59.9909671, 29.7829903 59.9908442, 29.7831073 59.9908203, 29.782607 59.9902082, 29.7828055 59.9901677, 29.7832658 59.9907309, 29.7837112 59.9906398, 29.7832494 59.9900747, 29.7835116 59.9900211, 29.78397 59.990582, 29.7843063 59.9905133, 29.7844399 59.9906767, 29.7839272 59.9907815, 29.7840043 59.9908758))",,,1 литБ,Якорная площадь,yes,,,,,,,,,,,,,,,,,,,,,,,,,,,,,,,,,,,,,,,,,
"POLYGON ((29.7822551 59.9884344, 29.7823852 59.9884063, 29.7821465 59.9881295, 29.7820163 59.9881576, 29.7822551 59.9884344))",,,,,yes,,,,,,,,,,,,,,,,,,,,,,,,,,,,,,,,,,,,,,,,,
"POLYGON ((29.7819196 59.9903381, 29.7822245 59.9902752, 29.7827969 59.9909975, 29.7824954 59.9910569, 29.7819425 59.9903667, 29.7819196 59.9903381))",,,1 литА,Якорная площадь,yes,,,,,,,,,,,,,,,,,,,,,,,,,,,,,,,,,,,,,,,,,
"POLYGON ((29.7743589 59.9896309, 29.7742917 59.989547, 29.7742709 59.9895512, 29.7742502 59.9895553, 29.7741754 59.989462, 29.774233 59.9894505, 29.7741658 59.9893666, 29.7741082 59.9893782, 29.7740301 59.9892807, 29.7740509 59.9892765, 29.7740716 59.9892724, 29.7740052 59.9891895, 29.7737791 59.9892348, 29.7738194 59.989285, 29.7737603 59.9892969, 29.7737759 59.9893163, 29.7738903 59.9894591, 29.7740025 59.9895991, 29.7740203 59.9896214, 29.7740794 59.9896095, 29.7741328 59.9896762, 29.7743589 59.9896309))",Кронштадт,RU,11,Красная улица,apartments,5,,flat,,,,,,,,,,,,,,,,,,,,,,,,,,,,,,,,,,,,,,
"POLYGON ((29.7730088 59.9893875, 29.7734405 59.9892997, 29.7733868 59.9892336, 29.7731709 59.9892775, 29.772955 59.9893214, 29.7730088 59.9893875))",Кронштадт,RU,7,Красная улица,apartments,3,,skillion,,,,,,,,,,,,,,,,,,,,,,,,,,,,,,,,,,,,,,
"POLYGON ((29.7732347 59.9891937, 29.7734146 59.98916, 29.7733607 59.989088, 29.7733067 59.989016, 29.7731268 59.9890498, 29.7732347 59.9891937))",Кронштадт,RU,5,Красная улица,apartments,3,,hipped,,,,,,,,,,,,,,,,,,,,,,,,,,,,,,,,,,,,,,
"POLYGON ((29.7716251 59.9888582, 29.7720263 59.9887744, 29.7717835 59.9884835, 29.7715207 59.9885384, 29.7715869 59.9886176, 29.7716714 59.9886, 29.771707 59.9886426, 29.7717219 59.9886605, 29.7718146 59.9886411, 29.7718241 59.9886524, 29.7717889 59.9886598, 29.7718468 59.9887292, 29.7715665 59.988788, 29.7716251 59.9888582))",Кронштадт,RU,19,Петровская улица,apartments,3,,skillion,Q117448173,,,,,,,,,,,,,,,,,,,,,,,,,,,,,,,,,,,,,
"POLYGON ((29.7713894 59.9898179, 29.7711649 59.9895369, 29.7714397 59.989482, 29.7714778 59.9895297, 29.7721039 59.9894045, 29.7717029 59.9889027, 29.7722422 59.9887949, 29.7727577 59.9894399, 29.7724764 59.9894961, 29.7725784 59.9896238, 29.7723105 59.9896773, 29.7722336 59.9895812, 29.7721181 59.9896043, 29.7721649 59.9896629, 29.7713894 59.9898179))",Кронштадт,RU,,,yes,,,,,,,,,,,,,,,,,,,,,,,,,,,,,,,,,,,,,,,,,
"POLYGON ((29.7716136 59.9900951, 29.7714637 59.9899017, 29.7718829 59.9898202, 29.7720323 59.990014, 29.7718554 59.9900478, 29.7716136 59.9900951))",Кронштадт,RU,14,Коммунистическая улица,yes,,,,,,,,,,,,,,,,,,,,,,,rgis,,,,,,,,,,,,,,,,,,
"POLYGON ((29.7717835 59.9884835, 29.7720134 59.9884355, 29.772251 59.9883858, 29.7723736 59.9883602, 29.772489 59.9884984, 29.7721066 59.9885783, 29.7719748 59.9886058, 29.7719851 59.9886182, 29.7720272 59.9886094, 29.7720759 59.9886678, 29.7720338 59.9886766, 29.7720449 59.9886898, 29.7721767 59.9886623, 29.7725479 59.9885849, 29.7728027 59.9885317, 29.7730272 59.9884848, 29.7730843 59.9885534, 29.7720263 59.9887744, 29.7717835 59.9884835))",Кронштадт,RU,17,Петровская улица,apartments,3,,hipped,,,,,,,,,,,,,,,,,,,,,,,,,,,,,,,,,,,,,,
"POLYGON ((29.7740052 59.9891895, 29.7738912 59.9890404, 29.7736908 59.9890806, 29.7737553 59.9891611, 29.7737112 59.98917, 29.7734683 59.9892187, 29.7735226 59.9892864, 29.7737791 59.9892348, 29.7740052 59.9891895))",Кронштадт,RU,9,Красная улица,apartments,2,,many,Q117447950,,,,,,,,,,,,,,,,,,,,,,,,,,,,,,,,,,,,,
"POLYGON ((29.7723173 59.989936, 29.7730728 59.9897853, 29.7729818 59.9896712, 29.7722263 59.9898219, 29.7723173 59.989936))",Кронштадт,RU,,,yes,2,,,,,,,,,,,,,,yes,,,,,,,,,,,,,,,,,,,,,,,,,,
"POLYGON ((29.7744547 59.9897573, 29.7743589 59.9896309, 29.7741328 59.9896762, 29.773801 59.9897428, 29.7738512 59.9898054, 29.7742645 59.9897224, 29.7742979 59.9897157, 29.7743484 59.9897787, 29.7744547 59.9897573))",Кронштадт,RU,13,Красная улица,apartments,4,,,,,,,,,,,,,,,,,,,,,,,,,,,,,,,,,,,,,,,,
"POLYGON ((29.7732932 59.9889261, 29.773467 59.9888896, 29.7732196 59.9885949, 29.7730458 59.9886314, 29.7732932 59.9889261))",Кронштадт,RU,,,yes,,,,,,,,,,,,,,,,,,,,,,,,,,,,,,,,,,,,,,,,,
"POLYGON ((29.7706172 59.9859102, 29.7707246 59.9858872, 29.7706922 59.9858493, 29.770664 59.9858163, 29.7705566 59.9858392, 29.7706172 59.9859102))",,,7,Арсенальный переулок,yes,,,,,,,toilets,,,,,09:00-21:00,,,,,ГУП «Водоканал Санкт-Петербурга»,,,,,,,,,,no,2025-06-15,no,Q4114077,http://www.vodokanal.spb.ru/kanalizovanie/tualety/,limited,,,,,,,,,
"POLYGON ((29.765502 59.9866135, 29.7656279 59.9865851, 29.7655825 59.9865347, 29.7654566 59.9865632, 29.765502 59.9866135))",,,,,yes,,,,,КПП,,,,,,,,,,,,,,,,,,,,,,,,,,,,,,,,,,,,
"POLYGON ((29.7716407 59.9855905, 29.7717934 59.9855604, 29.7717345 59.9854855, 29.7715817 59.9855156, 29.7716407 59.9855905))",,,,,yes,,,,,,,,,,,,,,,,,,,,,,,,,,,,,,,,,,,,,,,,,
"POLYGON ((29.7747186 59.9885173, 29.7747956 59.9885028, 29.7747605 59.9884562, 29.7747005 59.9884675, 29.7746835 59.9884707, 29.7747186 59.9885173))",,,8 к5,Красная улица,service,1,,,,,,,,,,,,,138,,,,,,,,,,,,,,,,,,,substation,,,,,,,,
"POLYGON ((29.7771313 59.9864697, 29.7772089 59.9865694, 29.7774066 59.9868232, 29.7773912 59.9868262, 29.7773983 59.9868353, 29.7774053 59.9868443, 29.7774207 59.9868413, 29.7774642 59.9868972, 29.7775197 59.9868864, 29.7775425 59.9869156, 29.777795 59.9868664, 29.7775262 59.9865213, 29.7775442 59.9865178, 29.7775313 59.9865013, 29.7775128 59.9865049, 29.7774387 59.9864098, 29.7771313 59.9864697))",Кронштадт,RU,8 к2,Петровская улица,apartments,3,,hipped,Q117448101,,,,,,,,,,,,,,,,,,,rgis,,,plaster,,,,,,,,,,,,,,,
"POLYGON ((29.7768433 59.9870698, 29.7768631 59.9870951, 29.7769158 59.9871625, 29.7770122 59.9871436, 29.7770064 59.9871362, 29.7770494 59.9871277, 29.7770395 59.9871151, 29.7772104 59.9870816, 29.7772074 59.9870778, 29.7772584 59.9870678, 29.7772484 59.987055, 29.7773053 59.9870438, 29.7773144 59.9870554, 29.7773794 59.9870427, 29.7773887 59.9870546, 29.7776661 59.9870004, 29.7776578 59.9869898, 29.7777493 59.9869719, 29.7777549 59.9869791, 29.7778462 59.9869612, 29.7778253 59.9869346, 29.7778456 59.9869306, 29.777795 59.9868664, 29.7775425 59.9869156, 29.7775197 59.9868864, 29.7774642 59.9868972, 29.7774756 59.9869118, 29.777487 59.9869264, 29.777436 59.9869365, 29.7774258 59.9869235, 29.7773768 59.9869331, 29.7773709 59.9869255, 29.7772521 59.9869488, 29.7772273 59.9869536, 29.7772182 59.986942, 29.7771502 59.9869553, 29.777161 59.986969, 29.7769706 59.9870063, 29.7769601 59.9869927, 29.7768404 59.9870161, 29.7768772 59.9870632, 29.7768433 59.9870698))",Кронштадт,RU,8 к1,Петровская улица,apartments,5,,flat,,,,,,,,,,,,,,,,brick,,,,,,,brick,,,,,,,,,,,,,,,
"POLYGON ((29.7763077 59.9869735, 29.7763534 59.9870259, 29.776462 59.9870022, 29.7764163 59.9869497, 29.7763077 59.9869735))",,,,,service,1,,,,,,,,,,,,,112,,,,,,,,,,,,,,,,,,,substation,,,,,,,,
"POLYGON ((29.7772902 59.9863374, 29.7772396 59.9862773, 29.7773554 59.9862538, 29.7774023 59.9863148, 29.7772902 59.9863374))",,,,,yes,,,,,,,,,,,,,,,,,,,,,,,,,,,,,,,,,,,,,,,,,
"POLYGON ((29.7754329 59.9900075, 29.7755215 59.9899899, 29.7754814 59.9899393, 29.7753928 59.9899569, 29.7754329 59.9900075))",,,10 литБ,Красная улица,yes,,,,,,,,,,,,,,,,,,,,,,,,,,,,,,,,,,,,,,,,,
"POLYGON ((29.7775889 59.9890922, 29.7776336 59.9891074, 29.7776865 59.9891129, 29.7777396 59.9891079, 29.7777847 59.989093, 29.7778151 59.9890707, 29.7778261 59.9890443, 29.7778161 59.9890177, 29.7777864 59.9889951, 29.7777418 59.9889799, 29.7776889 59.9889744, 29.7776358 59.9889794, 29.7775906 59.9889943, 29.7775602 59.9890166, 29.7775492 59.989043, 29.7775593 59.9890696, 29.7775889 59.9890922))",,,,,grotto,1,,dome,,Грот,,,,,,,,,,,,,,,,,,,,,,,,,,,,,,,,,,,,
"POLYGON ((29.7759964 59.9901053, 29.7760919 59.9900814, 29.7760384 59.9900279, 29.7759429 59.9900518, 29.7759964 59.9901053))",,,,,yes,,,,,,,,,,,,,,,,,,,,,,,,,,,,,,,,,,,,,,,,,
"POLYGON ((29.7691819 59.9879147, 29.7690817 59.9879352, 29.7691111 59.9879711, 29.7692113 59.9879506, 29.7691819 59.9879147))",,,,,yes,1,,flat,,Tourist info,,,,,,,"Mo-Fr 10:00-14:00,15:00-18:00; Sa,Su 10:00-14:00,15:00-17:00",,,,,,,,,,,,,,,,,,,,no,,office,information,,,,,,
"POLYGON ((29.7674285 59.9883524, 29.7672753 59.9883837, 29.7673102 59.9884269, 29.7674652 59.9883951, 29.7674285 59.9883524))",,,,,service,1,,flat,,,,,,,,,,,23,,,,,,,,,,,,,,,,,,,substation,,,,,,,,
"POLYGON ((29.768062 59.9894205, 29.7681402 59.9894033, 29.7681137 59.9893721, 29.7681097 59.9893667, 29.768035 59.989383, 29.7680554 59.9894114, 29.768062 59.9894205))",,,1 литБ,Коммунистическая улица,yes,1,,,,,,,,,,,,,,,,,,,,,,,,,,,,,,,,,,,,,,,,
"POLYGON ((29.7701234 59.9892092, 29.7702283 59.9891869, 29.7702622 59.9892269, 29.7701573 59.9892492, 29.7701234 59.9892092))",,,,,service,1,,flat,,,,,,,,,,,34,,,,,,,,,,,,,,,,,,,substation,,,,,,,,
"POLYGON ((29.7692384 59.9902731, 29.7690075 59.9903152, 29.7691007 59.9904431, 29.7693316 59.990401, 29.7692384 59.9902731))",,,,,yes,,,,,,,,,,,,,,,,,,,,,,,,,,,,,,,,,,,,,,,,,
"POLYGON ((29.7681819 59.9897881, 29.7682706 59.9899044, 29.7683323 59.9898926, 29.7683177 59.9898735, 29.7683729 59.989863, 29.7682988 59.9897658, 29.7681819 59.9897881))",,,,,yes,1,,,,,,,,,,,,,,,,,,,,,yes,,,,,,,,,,,,,,,,,,,
"POLYGON ((29.7715831 59.9892683, 29.7717676 59.9892314, 29.7715046 59.9889024, 29.7713202 59.9889393, 29.7715831 59.9892683))",Кронштадт,RU,,,yes,1,,gabled,,,,,,,,,,,,,,,,,,,,,,,,,,,,,,,,,,,,,,
"POLYGON ((29.7730566 59.9894458, 29.7731615 59.9894235, 29.7731954 59.9894635, 29.7730905 59.9894858, 29.7730566 59.9894458))",,,,,service,1,,flat,,,,,,,,,,,,,,,,,,,,,,,,,,,,,,substation,,,,,,,,
"POLYGON ((29.7693391 59.9894899, 29.7696513 59.9894271, 29.769674 59.9894226, 29.7696817 59.9894292, 29.7697647 59.9894401, 29.7698389 59.9894184, 29.7698607 59.9893769, 29.7698173 59.9893398, 29.7697343 59.9893289, 29.7696602 59.9893506, 29.7696553 59.9893599, 29.7696038 59.9893701, 29.7688683 59.9884859, 29.7685444 59.9885506, 29.7692071 59.9893351, 29.7693062 59.9894507, 29.7693391 59.9894899))",Кронштадт,RU,1А,Коммунистическая улица,yes,3,,hipped,Q117448074,,,,,,,,,,,yes,,,,,,,yes,rgis,,,,,,,,,,,,,,,,,,
"POLYGON ((29.7823263 59.9867836, 29.7831312 59.9866179, 29.7830646 59.9865369, 29.7828861 59.9865737, 29.7828336 59.98651, 29.7826886 59.9865398, 29.7825794 59.9865623, 29.7826449 59.9866419, 29.7822728 59.9867186, 29.7823263 59.9867836))",,,7 литД,Петровская улица,yes,,,,,,,,,,,,,,,,,,,,,,,rgis,,,,,,,,,,,,,,,,,,
"POLYGON ((29.779755 59.9865925, 29.7796719 59.986493, 29.779855 59.9864547, 29.7799381 59.9865543, 29.7798019 59.9865827, 29.779755 59.9865925))",Кронштадт,,6Б,Петровская улица,yes,2,,,,Оборонэнерго,,,,,,,,,,,,,,,,,,,,,,,,,,,,,,,,,,,,
"POLYGON ((29.7713932 59.9855042, 29.7715276 59.9854765, 29.7714198 59.9853458, 29.7712854 59.9853735, 29.7713932 59.9855042))",,,,,yes,,,,,Вкусное мясо,,cafe,,,,,"Mo-Fr 11:00-20:00; Sa,Su 11:00-22:00",,,,,,,,,,,,,,,,,,,,limited,,,,yes,yes,yes,yes,,
"POLYGON ((29.7825001 59.9839778, 29.7825656 59.9840553, 29.7828258 59.9840003, 29.7827602 59.9839227, 29.7825001 59.9839778))",,,,,yes,,,,,,,,,,,,,,,,,,,,,,,,,,,,,,,,,,,,,,,,,
"POLYGON ((29.7829024 59.9837577, 29.7822908 59.9838825, 29.7823851 59.9839981, 29.7829967 59.9838733, 29.7829024 59.9837577))",,,,,yes,,,,,,,,,,,,,,,,,,,,,,,,,,,,,,,,,,,,,,,,,
"POLYGON ((29.7778223 59.9827836, 29.7776935 59.9826118, 29.7775028 59.9826476, 29.7776315 59.9828194, 29.7778223 59.9827836))",,,,,yes,,,,,,,,,,,,,,,,,,,,,,,,,,,,,,,,,,,,,,,,,
"POLYGON ((29.7774816 59.9822442, 29.7772456 59.9819745, 29.7769872 59.9820311, 29.7772232 59.9823008, 29.7774816 59.9822442))",,,,,yes,,,,,,,,,,,,,,,,,,,,,,,,,,,,,,,,,,,,,,,,,
"POLYGON ((29.7768558 59.9861419, 29.776712 59.9861725, 29.7766151 59.9860586, 29.7767589 59.986028, 29.7768558 59.9861419))",,,,,yes,1,,,,,,,,,,,,,,,,,,,,,,,,,,,,,,,,,,,,,,,,
"POLYGON ((29.7753315 59.9856467, 29.7756604 59.9855835, 29.7755446 59.9854328, 29.7752157 59.9854961, 29.7753315 59.9856467))",,,,,yes,,,,,,,,,,,,,,,,,,,,,,,,,,,,,,,,,,,,,,,,,
"POLYGON ((29.771091 59.9853189, 29.7711475 59.9853074, 29.7710572 59.9851881, 29.7709947 59.9852026, 29.771091 59.9853189))",,,,,yes,,,,,,,,,,,,,,,,,,,,,,,,,,,,,,,,,,,,,,,,,
"POLYGON ((29.7709449 59.9876875, 29.7712281 59.98763, 29.7712826 59.987697, 29.7709988 59.9877547, 29.7709449 59.9876875))",,,,,yes,1,,,,,,,,,,,,,,,,,,,,,,,,,,,,,,,,,,,,,,,,
"POLYGON ((29.7714524 59.9875844, 29.7712983 59.9876157, 29.7713527 59.9876827, 29.7715055 59.9876517, 29.7714524 59.9875844))",,,,,service,1,,,,,,,,,,,,,44,,,Оборонэнерго,,,,,,,,,,,,,,,,substation,,,,,,,,
