geometry,check_date:crossing,crossing,crossing:island,highway,tactile_paving,bench,bin,bus,lit,name,public_transport,shelter,direction,crossing:markings,surface,lanes,maxspeed,oneway,postal_code,hgv,maxweight,smoothness,access,have_riverbank,bridge,layer,wikidata,vehicle,old_name,sidewalk,parking:left,handrail,incline,ramp,bridge:movable,priority,footway,living_street,covered,maxheight,note,tunnel,service,step_count,area,parking:right
POINT (29.7727696 59.9872955),2020-12-17,uncontrolled,no,crossing,no,,,,,,,,,,,,,,,,,,,,,,,,,,,,,,,,,,,,,,,,,
POINT (29.7736142 59.9880357),,uncontrolled,no,crossing,no,,,,,,,,,,,,,,,,,,,,,,,,,,,,,,,,,,,,,,,,,
POINT (29.7714776 59.9874896),,,,bus_stop,no,yes,yes,yes,yes,Петровский парк,platform,yes,,,,,,,,,,,,,,,,,,,,,,,,,,,,,,,,,,
POINT (29.7757168 59.9866638),,,,bus_stop,no,yes,yes,yes,yes,Макаровские ворота,platform,yes,,,,,,,,,,,,,,,,,,,,,,,,,,,,,,,,,,
POINT (29.7776773 59.9870851),,,,bus_stop,no,yes,yes,yes,yes,Летний сад,platform,yes,,,,,,,,,,,,,,,,,,,,,,,,,,,,,,,,,,
POINT (29.7829848 59.9861706),,,,bus_stop,no,yes,yes,yes,yes,"Петровская улица, угол улицы Аммермана",platform,yes,,,,,,,,,,,,,,,,,,,,,,,,,,,,,,,,,,
POINT (29.7721047 59.987144),,uncontrolled,no,crossing,no,,,,,,,,,,,,,,,,,,,,,,,,,,,,,,,,,,,,,,,,,
POINT (29.7696533 59.9877253),,uncontrolled,no,crossing,no,,,,,,,,,,,,,,,,,,,,,,,,,,,,,,,,,,,,,,,,,
POINT (29.76945 59.9878302),,,,give_way,,,,,,,,,forward,,,,,,,,,,,,,,,,,,,,,,,,,,,,,,,,,
POINT (29.7731688 59.9881267),,uncontrolled,no,crossing,no,,,,,,,,,,,,,,,,,,,,,,,,,,,,,,,,,,,,,,,,,
POINT (29.77035 59.9886884),,uncontrolled,no,crossing,no,,,,,,,,,,,,,,,,,,,,,,,,,,,,,,,,,,,,,,,,,
POINT (29.7656762 59.9883667),,uncontrolled,,crossing,,,,,,,,,,zebra,,,,,,,,,,,,,,,,,,,,,,,,,,,,,,,,
POINT (29.7727107 59.9871135),,,,give_way,,,,,,,,,forward,,,,,,,,,,,,,,,,,,,,,,,,,,,,,,,,,
POINT (29.773307 59.9880988),,,,give_way,,,,,,,,,backward,,,,,,,,,,,,,,,,,,,,,,,,,,,,,,,,,
POINT (29.7734145 59.9881264),,,,give_way,,,,,,,,,forward,,,,,,,,,,,,,,,,,,,,,,,,,,,,,,,,,
POINT (29.7732897 59.987956),,uncontrolled,no,crossing,no,,,,,,,,,,,,,,,,,,,,,,,,,,,,,,,,,,,,,,,,,
POINT (29.7695093 59.9879034),,uncontrolled,no,crossing,no,,,,,,,,,,,,,,,,,,,,,,,,,,,,,,,,,,,,,,,,,
POINT (29.773445 59.9881682),,uncontrolled,no,crossing,no,,,,,,,,,,,,,,,,,,,,,,,,,,,,,,,,,,,,,,,,,
POINT (29.7702505 59.9887083),,,,give_way,,,,,,,,,forward,,,,,,,,,,,,,,,,,,,,,,,,,,,,,,,,,
POINT (29.783324 59.9861207),,,,give_way,,,,,,,,,forward,,,,,,,,,,,,,,,,,,,,,,,,,,,,,,,,,
POINT (29.7714271 59.9873168),,,,bus_stop,no,no,yes,yes,yes,Петровский парк,platform,no,,,,,,,,,,,,,,,,,,,,,,,,,,,,,,,,,,
POINT (29.772851 59.9870854),,uncontrolled,no,crossing,no,,,,,,,,,,,,,,,,,,,,,,,,,,,,,,,,,,,,,,,,,
POINT (29.7666878 59.9881737),,uncontrolled,,crossing,,,,,,,,,,zebra,,,,,,,,,,,,,,,,,,,,,,,,,,,,,,,,
"LINESTRING (29.7659187 59.988661, 29.7657929 59.9885198, 29.7657227 59.9884308, 29.7656762 59.9883667, 29.7656161 59.9883007, 29.7655042 59.9881601, 29.7648174 59.9872977, 29.7644776 59.9868848)",,,,service,,,,,,,,,,,asphalt,,,,,,,,,,,,,,,,,,,,,,,,,,,,,,,
"LINESTRING (29.7717961 59.9907177, 29.7719339 59.9906906, 29.7722184 59.9906304, 29.7723349 59.9906058, 29.7730335 59.9904613, 29.7733083 59.9904049, 29.7735711 59.9903512, 29.7736635 59.9903312, 29.7742348 59.9902138, 29.7743545 59.9901898, 29.7744572 59.9901677, 29.7748903 59.9900747, 29.7749406 59.9900328)",,,,residential,,,,,yes,Манежный переулок,,,,,asphalt,2,RU:urban,yes,197762,,,,,,,,,,,,,,,,,,,,,,,,,,,
"LINESTRING (29.7749406 59.9900328, 29.7748993 59.9899797, 29.7743966 59.9893623)",,,,residential,,,,,yes,Красная улица,,,,,asphalt,2,RU:urban,,197762,,,,,,,,,,,,,,,,,,,,,,,,,,,
"LINESTRING (29.7692781 59.9876582, 29.7692527 59.9876261)",,,,footway,,,,,,,,,,,paving_stones,,,,,,,,,,,,,,,,,,,,,,,,,,,,,,,
"LINESTRING (29.7754247 59.9903943, 29.7753799 59.990336, 29.7752607 59.9901988, 29.7751466 59.9900619)",,,,footway,,,,,,,,,,,paving_stones,,,,,,,,,,,,,,,,,,,,,,,,,,,,,,,
"LINESTRING (29.7694052 59.9877749, 29.7686642 59.9879232, 29.7679947 59.9880571, 29.7675341 59.9881442, 29.7674362 59.9881627)",,,,tertiary,,,,,yes,Макаровская улица,,,,,asphalt,2,RU:urban,,197762,no,8,excellent,,,,,,,,,,,,,,,,,,,,,,,,
"LINESTRING (29.7658342 59.9884064, 29.7657227 59.9884308, 29.765143 59.988553, 29.7645736 59.9886804, 29.763396 59.988927, 29.7625758 59.9890926, 29.7624751 59.9891007, 29.7623043 59.9891384)",,,,tertiary,,,,,yes,Макаровская улица,,,,,asphalt,2,RU:urban,,197762,,,excellent,,,,,,,,,,,,,,,,,,,,,,,,
"LINESTRING (29.7664885 59.9886465, 29.7666005 59.9887817)",,,,path,,,,,,,,,,,,,,,,,,,private,yes,,,,,,,,,,,,,,,,,,,,,,
"LINESTRING (29.7800405 59.9880343, 29.7797617 59.9876617, 29.7801002 59.9876006, 29.7805239 59.9875143, 29.7799564 59.9868241, 29.7798922 59.9867458)",,,,service,,,,,,,,,,,asphalt,,,,,,,,,,,,,,,,,,,,,,,,,,,,,,,
"LINESTRING (29.7805491 59.9866115, 29.7802299 59.9866767)",,,,tertiary,,,,,yes,Петровская улица,,,,,metal,2,RU:urban,,197762,,,,,,yes,1,Q109399097,,,,,,,,,,,,,,,,,,,
"LINESTRING (29.7800519 59.9867131, 29.7798922 59.9867458, 29.7798054 59.9867637, 29.7780555 59.9871232, 29.7777658 59.9871827, 29.7736142 59.9880357, 29.7733831 59.9880835)",,,,tertiary,,,,,yes,Петровская улица,,,,,asphalt,2,RU:urban,,197762,,,excellent,,,,,Q4361182,,,,,,,,,,,,,,,,,,,
"LINESTRING (29.7774914 59.9863885, 29.7778879 59.9869029, 29.7779536 59.9869916, 29.7780555 59.9871232)",,,,service,,,,,,,,,,,asphalt,,,,,,,,,,,,,destination,,,,,,,,,,,,,,,,,,
"LINESTRING (29.7721651 59.9872227, 29.7721047 59.987144, 29.771188 59.9859447, 29.770994 59.9856894, 29.7709145 59.9855849)",,,,residential,,,,,yes,Арсенальный переулок,,,,,asphalt,2,RU:urban,,,,,,,,,,Q4069944,,,,,,,,,,,,,,,,,,,
"LINESTRING (29.7683952 59.9865066, 29.7682986 59.9865261, 29.7659213 59.9870127, 29.7658781 59.9870215, 29.765822 59.987033, 29.7657313 59.9870516)",,,,footway,,,,,,,,,,,,,,,,,,,,,,,,,,,,,,,,,,,,,,,,,,
"LINESTRING (29.7710669 59.985976, 29.7709949 59.9859849, 29.7708423 59.9860177, 29.7683952 59.9865066)",,,,footway,,,,,,,,,,,,,,,,,,,,,,,,,,,,,,,,,,,,,,,,,,
"LINESTRING (29.7669168 59.988456, 29.7668383 59.9883563, 29.766736 59.9882265, 29.7666878 59.9881737, 29.7666259 59.9880985)",,,,service,,,,,,,,,,,asphalt,1,,,,,,,,,,,,,,,,,,,,,,,,,,,,,,
"LINESTRING (29.7733831 59.9880835, 29.773307 59.9880988, 29.7731688 59.9881267, 29.772395 59.9882807, 29.7714273 59.9884736, 29.7711979 59.9885193, 29.77035 59.9886884, 29.7702505 59.9887083, 29.7701739 59.9887235)",,,,residential,,,,,yes,Петровская улица,,,,,asphalt,2,RU:urban,,197762,,,,,,,,Q4361182,,,,,,,,,,,,,,,,,,,
"LINESTRING (29.7872676 59.9911219, 29.7871715 59.990987, 29.7871235 59.9909197, 29.7870605 59.9908385, 29.7869558 59.9907038, 29.7869185 59.9906557, 29.786401 59.9899893, 29.7859427 59.9894007, 29.7858702 59.9893079, 29.7854061 59.9887136, 29.7853175 59.9886012, 29.7852318 59.9884924, 29.7849844 59.9881833, 29.7846438 59.9877578, 29.7844946 59.9875715, 29.7844852 59.9875597, 29.7842202 59.9872286, 29.7838538 59.9867698, 29.7833298 59.9861278, 29.783324 59.9861207, 29.7832819 59.9860633)",,,,residential,,,,,yes,улица Комсомола,,,,,asphalt,2,RU:urban,yes,197762,,,excellent,,,,,,,улица Бочарная,,,,,,,,,,,,,,,,,
"LINESTRING (29.7733831 59.9880835, 29.7732897 59.987956, 29.7730692 59.9876749, 29.7727696 59.9872955, 29.7726375 59.9871282)",,,,tertiary,,,,,yes,Красная улица,,,,,asphalt,2,RU:urban,,197762,,,intermediate,,,,,,,,separate,,,,,,,,,,,,,,,,
"LINESTRING (29.78442 59.9858425, 29.7842198 59.9858853, 29.7832819 59.9860633)",,,,tertiary,,,,,yes,Петровская улица,,,,,asphalt,2,RU:urban,,197762,,,,,,,,Q4361182,,,,no,,,,,,,,,,,,,,,
"LINESTRING (29.7687547 59.9869783, 29.7683952 59.9865066, 29.7681358 59.9862035)",,,,footway,,,,,,,,,,,compacted,,,,,,,,,,,,,,,,,,,,,,,,,,,,,,,
"LINESTRING (29.7768451 59.9896106, 29.7769242 59.9896109, 29.7770423 59.9895876, 29.7772618 59.9895846, 29.7779132 59.9894731, 29.7779674 59.9894662, 29.7781063 59.9894405, 29.7781517 59.9894976, 29.7782799 59.9896743)",,,,footway,,,,,,,,,,,,,,,,,,,,,,,,,,,,,,,,,,,,,,,,,,
"LINESTRING (29.7681253 59.9882122, 29.7681779 59.9882747, 29.7686518 59.9888374, 29.7688118 59.9890274, 29.7690059 59.9892578)",,,,service,,,,,,,,,,,cobblestone,,,,,,,,,,,,,,,,,,,,,,,,,,,,,,,
"LINESTRING (29.778698 59.9898967, 29.778951 59.9902259, 29.7790696 59.9904057)",,,,footway,,,,,,,,,,,,,,,,,,,,,,,,,,,,,,,,,,,,,,,,,,
"LINESTRING (29.7748993 59.9899797, 29.7751062 59.9899402, 29.7768451 59.9896106, 29.7768895 59.9895474, 29.7767189 59.989335, 29.7766929 59.9893402, 29.7764147 59.9893961, 29.7763156 59.9894423)",,,,service,,,,,,,,,,,asphalt,,,,,,,,,,,,,,,,,,,,,,,,,,,,,,,
"LINESTRING (29.778698 59.9898967, 29.7785453 59.9898019, 29.7782799 59.9896743)",,,,steps,,,,,no,,,,,,,,,,,,,,,,,,,,,,,no,up,no,,,,,,,,,,,,
"LINESTRING (29.7689682 59.9871543, 29.7690107 59.9871296, 29.7690359 59.9870995, 29.7690413 59.987067, 29.7690264 59.9870353, 29.7689926 59.9870074, 29.7689432 59.9869861, 29.7688831 59.9869735, 29.7688181 59.9869708, 29.7687547 59.9869783, 29.7686935 59.9869976, 29.7686492 59.9870262, 29.7686272 59.9870607, 29.76863 59.9870968, 29.7686574 59.9871303, 29.7687061 59.9871571, 29.7687701 59.987174, 29.7688418 59.9871788, 29.7689125 59.9871712, 29.7689682 59.9871543)",,,,footway,,,,,yes,,,,,,compacted,,,,,,,,,,,,,,,,,,,,,,,,,,,,,,,
"LINESTRING (29.7665598 59.9882609, 29.7658342 59.9884064)",,,,tertiary,,,,,,Доковый мост,,,,,metal,1,20,,,,16,,,,movable,1,Q3565129,,,,,,,,swing,backward,,,,,,,,,,
"LINESTRING (29.7795335 59.98691, 29.7795576 59.9869393, 29.7801002 59.9876006)",,,,footway,,,,,,,,,,,asphalt,,,,,,,,,,,,,,,,,,,,,,,,,,,,,,,
"LINESTRING (29.7705603 59.9847748, 29.7710139 59.9853341, 29.7710815 59.9854158)",,,,footway,,,,,,,,,,,,,,,,,,,,,,,,,,,,,,,,,,,,,,,,,,
"LINESTRING (29.7753294 59.9888247, 29.7755343 59.9890851, 29.7758882 59.9895347)",,,,service,,,,,,,,,,,asphalt,,,,,,,,,,,,,,,,,,,,,,,,,,,,,,,
"LINESTRING (29.7749929 59.9892425, 29.7749145 59.9892583)",,,,service,,,,,,,,,,,asphalt,,,,,,,,,,,,,,,,,,,,,,,,,,,,,,,
"LINESTRING (29.7729838 59.9872517, 29.7729052 59.9872678, 29.7727696 59.9872955, 29.772635 59.9873234, 29.7725411 59.9873428)",,,,footway,,,,,,,,,,,asphalt,,,,,,,,,,,,,,,,,,,,,,,,,,,,,,,
"LINESTRING (29.7744668 59.9885865, 29.7745772 59.9887242, 29.7747501 59.9889398, 29.774838 59.9890494, 29.7749631 59.9892054, 29.7749929 59.9892425, 29.7753189 59.9896491)",,,,service,,,,,,,,,,,asphalt,,,,,,,,,,,,,,,,,,,,,,,,,,,,,,,
"LINESTRING (29.7753189 59.9896491, 29.77548 59.9896165, 29.7758882 59.9895347, 29.7763156 59.9894423, 29.775781 59.9887351, 29.7753294 59.9888247, 29.7751446 59.9888614, 29.7747501 59.9889398)",,,,service,,,,,,,,,,,asphalt,,,,,,,,,,,,,,,,,,,,,,,,,,,,,,,
"LINESTRING (29.7738773 59.988704, 29.7740957 59.9886605, 29.7744668 59.9885865, 29.7748681 59.9885062, 29.7747369 59.988345, 29.7743335 59.9884178, 29.7741974 59.9882459)",,,,service,,,,,,,,,,,asphalt,,,,,,,,,,,,,,,,,,,,,,,,,,,,,,,
"LINESTRING (29.7751062 59.9899402, 29.7746215 59.9893171, 29.7740957 59.9886605, 29.7737061 59.9881634, 29.7736824 59.9881203, 29.7736493 59.9880792)",,,,footway,,,,,,,,,,,asphalt,,,,,,,,,,,,,,,,,,,,,,sidewalk,,,,,,,,,
"LINESTRING (29.7709949 59.9859849, 29.7701632 59.9867816, 29.7694298 59.9874517)",,,,footway,,,,,,,,,,,compacted,,,,,,,,,,,,,,,,,,,,,,,,,,,,,,,
"LINESTRING (29.7718651 59.9870992, 29.7703627 59.9868188, 29.7701632 59.9867816, 29.7683952 59.9865066)",,,,footway,,,,,,,,,,,,,,,,,,,,,,,,,,,,,,,,,,,,,,,,,,
"LINESTRING (29.7718651 59.9870992, 29.7714935 59.9866077, 29.7709949 59.9859849, 29.7708557 59.9858152, 29.7708146 59.9857558, 29.7706035 59.9857104, 29.7681358 59.9862035)",,,,footway,,,,,,,,,,,compacted,,,,,,,,,,,,,,,,,,,,,,,,,,,,,,,
"LINESTRING (29.7767336 59.9863086, 29.7758372 59.9864879)",,,,residential,,,,,yes,Макаровская улица,,,,,asphalt,2,RU:urban,,197762,,,,,,,,,,,,,,,,,,,,,,,,,,,
"LINESTRING (29.7736222 59.9875729, 29.7736802 59.9875673, 29.7736985 59.9875639, 29.773812 59.9875411, 29.7740558 59.9874927, 29.7742758 59.987449, 29.7745061 59.9874037, 29.7745438 59.9873974, 29.7745776 59.987394, 29.7746084 59.9873939, 29.7746409 59.9873967, 29.774664 59.9874024, 29.7746827 59.9874117, 29.7746963 59.987422, 29.7747756 59.9875032)",,,,footway,,,,,,,,,,,asphalt,,,,,,,,,,,,,,,,,,,,,,,,,,,,,,,
"LINESTRING (29.7767627 59.986715, 29.7768453 59.9866976)",,,,footway,,,,,,,,,,,asphalt,,,,,,,,,,,,,,,,,,,,,,,,,,,,,,,
"LINESTRING (29.7753754 59.98725, 29.7751995 59.9870038)",,,,service,,,,,,,,,,,asphalt,,,,,,,,,,,,,,,,,,,,,,,yes,,,,,,,,
"LINESTRING (29.7767694 59.9870718, 29.7767639 59.9870729)",,,,footway,,,,,,,,,,,asphalt,,,,,,,,,,,,,,,,,,,,,,,,,,,,,,,
"LINESTRING (29.7745461 59.9871784, 29.7746648 59.9871543)",,,,footway,,,,,,,,,,,paving_stones,,,,,,,,,,,,,,,,,,,,,,,,,,,,,,,
"LINESTRING (29.7758657 59.9866733, 29.7758537 59.9867115)",,,,footway,,,,,,,,,,,asphalt,,,,,,,,,,,,,,,,,,,,,,,,,,,,,,,
"LINESTRING (29.7760813 59.9867355, 29.7763266 59.9866896)",,,,footway,,,,,,,,,,,,,,,,,,,,,,,,,,,,,,,,,,,,,,,,,,
"LINESTRING (29.774778 59.9874691, 29.7750934 59.9874052)",,,,footway,,,,,,,,,,,asphalt,,,,,,,,,,,,,,,,,,,,,,,,,,,,,,,
"LINESTRING (29.7730692 59.9876749, 29.7732886 59.9876321, 29.7735185 59.9875873, 29.7736181 59.9875679, 29.7736803 59.9875622, 29.7738085 59.9875366, 29.7738311 59.9875321, 29.774052 59.9874879, 29.7742716 59.987444, 29.7743732 59.9874237, 29.7745913 59.98738, 29.774715 59.9873733, 29.7747774 59.9873664, 29.774804 59.9873635, 29.7748475 59.9873571, 29.7748855 59.9873514, 29.7750237 59.9873228, 29.7753754 59.98725, 29.7760766 59.9871048, 29.7762283 59.9870734, 29.7763244 59.9870656, 29.7763933 59.9870581, 29.7764852 59.9870381, 29.7765559 59.9870192, 29.7766352 59.9869922, 29.7766962 59.9869794, 29.7768769 59.9869413, 29.7771734 59.9868789, 29.7770147 59.9866703, 29.7769806 59.9866256, 29.7769439 59.9865773, 29.7768645 59.9864729, 29.7768204 59.9864212)",,,,service,,,,,,,,,,,asphalt,,,,,,,,,,,,,,,,,,,,,,,yes,,,,,,,,
"LINESTRING (29.7767336 59.9863086, 29.7768204 59.9864212, 29.7772119 59.9863492)",,,,service,,,,,,,,,,,asphalt,,,,,,,,,,,,,,,,,,,,,,,,,,,,,,,
"LINESTRING (29.7747799 59.9871123, 29.7747571 59.9870845, 29.7747743 59.9870811)",,,,footway,,,,,,,,,,,,,,,,,,,,,,,,,,,,,,,,,,,,,,,,,,
"LINESTRING (29.7759791 59.9866881, 29.7760813 59.9867355, 29.7766148 59.9869828)",,,,footway,,,,,,,,,,,paving_stones,,,,,,,,,,,,,,,,,,,,,,,,,,,,,,,
"LINESTRING (29.7752133 59.9875473, 29.7750934 59.9874052, 29.7750237 59.9873228)",,,,footway,,,,,,,,,,,asphalt,,,,,,,,,,,,,,,,,,,,,,,,,,,,,,,
"LINESTRING (29.7768769 59.9869413, 29.7768951 59.9868874, 29.7769592 59.9866969)",,,,footway,,,,,,,,,,,asphalt,,,,,,,,,,,,,,,,,,,,,,,,,,,,,,,
"LINESTRING (29.7768788 59.9872055, 29.7767694 59.9870718, 29.7766962 59.9869794)",,,,footway,,,,,,,,,,,asphalt,,,,,,,,,,,,,,,,,,,,,,,,,,,,,,,
"LINESTRING (29.7768951 59.9868874, 29.7767627 59.986715, 29.7767278 59.9867215)",,,,footway,,,,,,,,,,,asphalt,,,,,,,,,,,,,,,,,,,,,,,,,,,,,,,
"LINESTRING (29.776498 59.9872826, 29.7763891 59.9871472, 29.7763244 59.9870656)",,,,footway,,,,,,,,,,,asphalt,,,,,,,,,,,,,,,,,,,,,,,,,,,,,,,
"LINESTRING (29.7738493 59.9875891, 29.773812 59.9875411, 29.7738085 59.9875366)",,,,footway,,,,,,,,,,,asphalt,,,,,,,,,,,,,,,,,,,,,,,,,,,,,,,
"LINESTRING (29.7758293 59.9867893, 29.7760766 59.9871048)",,,,service,,,,,,,,,,,asphalt,,,,,,,,,,,,,,,,,,,,,,,yes,,,,,,,,
"LINESTRING (29.7745394 59.9873103, 29.7744558 59.9871967, 29.7744434 59.9871799)",,,,footway,,,,,,,,,,,tartan,,,,,,,,,,,,,,,,,,,,,,,,,,,,,,,
"LINESTRING (29.7729838 59.9872517, 29.7734367 59.9871608, 29.774824 59.9868824, 29.7758657 59.9866733, 29.7759225 59.9866619, 29.7760153 59.9866433, 29.7768645 59.9864729)",,,,footway,,,,,,,,,,,asphalt,,,,,,,,,,,,,,,,,,,,,,sidewalk,,,,,,,,,
"LINESTRING (29.7733002 59.9869956, 29.7734367 59.9871608, 29.7734757 59.987208, 29.7735539 59.9872425, 29.7736184 59.9872632, 29.7737034 59.9873707, 29.7738311 59.9875321)",,,,service,,,,,,,,,,,asphalt,,,,,,,,,,,,,,,,,,,,,,,yes,,,,,,,,
"LINESTRING (29.7748695 59.9876187, 29.7747756 59.9875032, 29.774778 59.9874691, 29.7747827 59.9874266, 29.7747774 59.9873664)",,,,footway,,,,,,,,,,,asphalt,,,,,,,,,,,,,,,,,,,,,,,,,,,,,,,
"LINESTRING (29.7748475 59.9873571, 29.7746839 59.9871504, 29.7746799 59.9871408, 29.774682 59.9871316, 29.7747799 59.9871123, 29.7747926 59.9871098)",,,,service,,,,,,,,,,,asphalt,,,,,,,,,,,,,,,,,,,,,,,yes,,,,,,,,
"LINESTRING (29.7805058 59.9865585, 29.7833742 59.985984, 29.784164 59.9858227, 29.7845238 59.985749, 29.787279 59.9852025, 29.7888298 59.9848866)",,,,footway,,,,,,,,,,,asphalt,,,,,,,,,,,,,,,,,,,,,,sidewalk,,,,,,,,,
"LINESTRING (29.7772119 59.9863492, 29.7773064 59.9863778, 29.7774126 59.9863644, 29.7774914 59.9863885)",,,,service,,,,,,,,,,,asphalt,,,,,,,,,,,,,destination,,,,,,,,,,,,,,,,,,
"LINESTRING (29.7736181 59.9875679, 29.7736222 59.9875729, 29.7736654 59.9876254, 29.7738493 59.9875891, 29.7743154 59.9874972, 29.7742758 59.987449, 29.7742716 59.987444)",,,,footway,,,,,,,,,,,asphalt,,,,,,,,,,,,,,,,,,,,,,,,,,,,,,,
"LINESTRING (29.7789102 59.9905107, 29.778951 59.9902259)",,,,path,,,,,,,,,,,,,,,,,,,,,,,,,,,,,,,,,,,,,,,,,,
"LINESTRING (29.7745772 59.9887242, 29.7757852 59.9884909)",,,,service,,,,,,,,,,,asphalt,,,,,,,,,,,,,,,,,,,,,,,,,,,,,,,
"LINESTRING (29.7757852 59.9884909, 29.7759311 59.9886717, 29.775781 59.9887351)",,,,footway,,,,,,,,,,,asphalt,,,,,,,,,,,,,,,,,,,,,,,,,,,,,,,
"LINESTRING (29.7747369 59.988345, 29.7745996 59.9881715)",,,,service,,,,,,,,,,,asphalt,,,,,,,,,,,,,,,,,,,,,,,,,,,,,,,
"LINESTRING (29.7748681 59.9885062, 29.7750906 59.9883489, 29.7751566 59.9882731, 29.775099 59.9881813)",,,,service,,,,,,,,,,,asphalt,,,,,,,,,,,,,,,,,,,,,,,,,,,,,,,
"LINESTRING (29.7770423 59.9895876, 29.7772761 59.9891374, 29.7772985 59.9890767, 29.7773316 59.9889872, 29.7774282 59.988887, 29.7775845 59.9888389)",,,,footway,,,,,,,,,,,,,,,,,,,,,,,,,,,,,,,,,,,,,,,,,,
"LINESTRING (29.7778401 59.9906745, 29.778106 59.9906005, 29.778239 59.9905403, 29.7783795 59.9904976, 29.7784648 59.9904361, 29.778525 59.9903671, 29.7787584 59.9902931, 29.778951 59.9902259)",,,,path,,,,,,,,,,,,,,,,,,,,,,,,,,,,,,,,,,,,,,,,,,
"LINESTRING (29.7749145 59.9892583, 29.7746586 59.9893097)",,,,service,,,,,,,,,,,asphalt,,,,,,,,,,,,,,,,,,,,,,,,yes,default,,,,,,
"LINESTRING (29.7746586 59.9893097, 29.7746215 59.9893171, 29.7743966 59.9893623)",,,,service,,,,,,,,,,,asphalt,,,,,,,,,,,,,,,,,,,,,,,,,,,,,,,
"LINESTRING (29.7743966 59.9893623, 29.7740667 59.9889388, 29.7738773 59.988704, 29.7735967 59.9883562, 29.773445 59.9881682, 29.7734145 59.9881264, 29.7733831 59.9880835)",,,,residential,,,,,yes,Красная улица,,,,,asphalt,2,RU:urban,,197762,,,,,,,,,,,,,,,,,,,,,,ограничение сквозного проезда - временный знак на стойке,,,,,
"LINESTRING (29.7753665 59.9901756, 29.7752607 59.9901988)",,,,footway,,,,,,,,,,,paving_stones,,,,,,,,,,,,,,,,,,,,,,,,,,,,,,,
"LINESTRING (29.7750273 59.9902459, 29.7752607 59.9901988)",,,,footway,,,,,,,,,,,paving_stones,,,,,,,good,,,,,,,,,,,,,,,,,,,,,,,,
"LINESTRING (29.774824 59.9868824, 29.7748185 59.9868754)",,,,footway,,,,,,,,,,,asphalt,,,,,,,,,,,,,,,,,,,,,,,,,,,,,,,
"LINESTRING (29.7749084 59.9900974, 29.7750273 59.9902459, 29.7753799 59.990336)",,,,footway,,,,,,,,,,,paving_stones,,,,,,,good,,,,,,,,,,,,,,,,,,,,,,,,
"LINESTRING (29.7749406 59.9900328, 29.7751423 59.9900567, 29.7752582 59.9900375)",,,,service,,,,,,,,,,,asphalt,,,,,,,good,,,,,,,,,,,,,,,,,,,,,,,,
"LINESTRING (29.7832819 59.9860633, 29.7829642 59.9861269, 29.7824225 59.9862354)",,,,tertiary,,,,,yes,Петровская улица,,,,,asphalt,2,RU:urban,,197762,,,excellent,,,,,Q4361182,,,,,,,,,,,,,,,,,,,
"LINESTRING (29.7792338 59.9891163, 29.7792702 59.9889539, 29.7790451 59.9886846, 29.7789644 59.9885868, 29.7789019 59.9883834, 29.7788852 59.9882953, 29.7789013 59.9881882, 29.778949 59.9880798, 29.7790099 59.9878553, 29.7789525 59.9877133, 29.7789409 59.9875931, 29.7789548 59.9875005, 29.779002 59.9874275, 29.7791522 59.987315, 29.7792463 59.9872446, 29.7795576 59.9869393)",,,,footway,,,,,,,,,,,,,,,,,,,,,,,,,,,,,,,,,,,,,,,,,,
"LINESTRING (29.7809798 59.9866438, 29.7809502 59.9866058, 29.7808972 59.9865409)",,,,service,,,,,,,,,,,asphalt,,,,,,,,,,,,,,,,,,,,,,,,,,,,,,,
"LINESTRING (29.7805239 59.9875143, 29.7808715 59.9879666, 29.7815698 59.9878286, 29.7817361 59.9878232, 29.7819185 59.9878353, 29.7820553 59.9878554, 29.7821599 59.9878943, 29.7822484 59.9879399, 29.7823638 59.9880245, 29.7829696 59.9888114, 29.7838014 59.9898809, 29.783938 59.9899072, 29.7841279 59.989934, 29.7844093 59.9900714, 29.7851648 59.9907177, 29.7852638 59.9908099)",,,,service,,,,,,,,,,,asphalt,,,,,,,,,,,,,,,,,,,,,,,,,,,,,,,
"LINESTRING (29.7735282 59.9881514, 29.7736824 59.9881203, 29.7752716 59.9877839, 29.7763956 59.9875562, 29.7767597 59.9874778, 29.776813 59.9874669, 29.777718 59.9872816, 29.778182 59.9871867, 29.7788 59.9870602, 29.7795335 59.98691, 29.7799564 59.9868241)",,,,footway,,,,,yes,,,,,,asphalt,,,,,,,,,,,,,,,,,,,,,,sidewalk,,,,,,,,,
"LINESTRING (29.7692469 59.9876189, 29.7689125 59.9871712)",,,,footway,,,,,,,,,,,compacted,,,,,,,,,,,,,,,,,,,,,,,,,,,,,,,
"LINESTRING (29.7668162 59.9880964, 29.7692469 59.9876189)",,,,footway,,,,,,,,,,,compacted,,,,,,,,,,,,,,,,,,,,,,,,,,,,,,,
"LINESTRING (29.7667526 59.9881584, 29.7667784 59.9881929, 29.769329 59.9877187, 29.7696008 59.9876625, 29.7719884 59.9871684, 29.7720371 59.9871582, 29.7721047 59.987144, 29.772791 59.9870102, 29.7729994 59.9869694, 29.7766804 59.9862497)",,,,footway,,,,,,,,,,,asphalt,,,,,,,,,,,,,,,,,,,,,,sidewalk,,,,,,,,,
"LINESTRING (29.7675134 59.9872604, 29.7692469 59.9876189)",,,,footway,,,,,,,,,,,compacted,,,,,,,,,,,,,,,,,,,,,,,,,,,,,,,
"LINESTRING (29.7692469 59.9876189, 29.7718651 59.9870992, 29.771967 59.9871172, 29.7720371 59.9871582)",,,,footway,,,,,,,,,,,compacted,,,,,,,,,,,,,,,,,,,,,,,,,,,,,,,
"LINESTRING (29.7732037 59.98817, 29.7732094 59.988177, 29.7732362 59.9882103, 29.7733445 59.9883662, 29.773466 59.9883835, 29.7735557 59.9884891, 29.7739553 59.9889599, 29.7748903 59.9900747)",,,,footway,,,,,,,,,,,asphalt,,,,,,,,,,,,,,,,,,,,,,sidewalk,,,,,,,,,
"LINESTRING (29.7675134 59.9872604, 29.7668162 59.9880964, 29.7659213 59.9870127, 29.7675134 59.9872604)",,,,footway,,,,,,,,,,,compacted,,,,,,,,,,,,,,,,,,,,,,,,,,,,,,,
"LINESTRING (29.7697238 59.9878159, 29.7696839 59.9878356, 29.7696838 59.9878722, 29.76972 59.9879169, 29.7702413 59.9885639, 29.77035 59.9886884, 29.7703923 59.988742, 29.7709609 59.9894607, 29.7719339 59.9906906)",,,,footway,,,,,,,,,,,asphalt,,,,,,,,,,,,,,,,,,,,,,sidewalk,,,,,,,,,
"LINESTRING (29.7680489 59.9893573, 29.7676203 59.9888275, 29.7679692 59.9884986, 29.7681779 59.9882747)",,,,footway,,,,,,,,,,,,,,,,,,,,,,,,,,,,,,,,,,,,,,,,,,
"LINESTRING (29.7710206 59.9899591, 29.7706086 59.9900445)",,,,footway,,,,,,,,,,,asphalt,,,,,,,,,,,,,,,,,,,,,,,,,,,,,,,
"LINESTRING (29.7710459 59.9900751, 29.7708571 59.9901141)",,,,service,,,,,,,,,,,asphalt,,,,,,,,,,,,,,,,,,,,,,,yes,,default,,building_passage,,,,
"LINESTRING (29.7689657 59.9885261, 29.7696058 59.9892971)",,,,service,,,,,,,,,,,,,,,,,,,,,,,,,,,,,,,,,,yes,,,,,,,,
"LINESTRING (29.7690902 59.9882278, 29.7689455 59.9882582, 29.7688701 59.9881684)",,,,service,,,,,,,,,,,,,,,,,,,,,,,,,,,,,,,,,,yes,,,,,,,,
"LINESTRING (29.7712235 59.9900385, 29.771104 59.9900631, 29.7710459 59.9900751)",,,,service,,,,,,,,,,,asphalt,,,,,,,,,,,,,,,,,,,,,,,yes,,,,,,,,
"LINESTRING (29.7696058 59.9892971, 29.7699434 59.989331, 29.7692518 59.9884623, 29.7689657 59.9885261)",,,,service,,,,,,,,,,,,,,,,,,,,,,,,,,,,,,,,,,yes,,,,,,,,
"LINESTRING (29.7699434 59.989331, 29.7697859 59.9895272, 29.7702039 59.9900399, 29.7702723 59.9900633, 29.7706086 59.9900445)",,,,service,,,,,,,,,,,asphalt,,,,,,,,,,,,,,,,,,,,,,,yes,,,,,,,,
"LINESTRING (29.7689733 59.9898864, 29.7688121 59.9898773, 29.768549 59.9898909)",,,,path,,,,,,,,,,,,,,,,,,,,,,,,,,,,,,,,,,,,,,,,,,
"LINESTRING (29.771812 59.9911113, 29.7711612 59.9912457, 29.7708779 59.9913042, 29.7707686 59.9912998, 29.7706827 59.9912637, 29.7705961 59.9911588, 29.7706144 59.9910731, 29.7707193 59.9910105, 29.7707612 59.9910018, 29.771189 59.9909134, 29.7712552 59.9908832, 29.7712591 59.9908324, 29.7712193 59.9907841, 29.771121 59.9906651, 29.7706933 59.990147, 29.7706086 59.9900445, 29.7700595 59.9893794, 29.7699434 59.989331, 29.7704094 59.9892043, 29.7705345 59.9891753)",,,,service,,,,,,,,,,,asphalt,,,,,,,,,,,,,,,,,,,,,,,yes,,,,,,,,
"LINESTRING (29.7717248 59.9908345, 29.771104 59.9900631, 29.7710206 59.9899591, 29.7704094 59.9892043, 29.769369 59.9879318, 29.7687742 59.9880551, 29.7681103 59.98819, 29.7678408 59.9882469, 29.7670869 59.9884056, 29.7670175 59.9883187, 29.7668383 59.9883563, 29.7667289 59.9883781, 29.7667031 59.9883439)",,,,footway,,,,,,,,,,,asphalt,,,,,,,,,,,,,,,,,,,,,,sidewalk,,,,,,,,,
"LINESTRING (29.7708571 59.9901141, 29.7706933 59.990147, 29.7698514 59.9903051, 29.7695609 59.9903581, 29.7691352 59.990068, 29.7689733 59.9898864, 29.7687424 59.9896274, 29.7691792 59.9895283)",,,,service,,,,,,,,,,,,,,,,,,,,,,,,,,,,,,,,,,yes,,,,,,,,
"LINESTRING (29.7732007 59.987974, 29.7730674 59.9880009, 29.7729899 59.9880009, 29.7710936 59.9883892, 29.7702413 59.9885639)",,,,footway,,,,,,,,,,,asphalt,,,,,,,,,,,,,,,,,,,,,,sidewalk,,,,,,,,,
"LINESTRING (29.7724664 59.9883675, 29.7725054 59.9883826)",,,,path,,,,,,,,,,,asphalt,,,,,,,,,,,,,,,,,,,,,,,,,,,,,,,
"LINESTRING (29.772618 59.988549, 29.7728225 59.9885063, 29.7730935 59.9884498, 29.7731483 59.9884429, 29.7732322 59.9884323, 29.773466 59.9883835, 29.7735967 59.9883562)",,,,service,,,,,,,,,,,asphalt,,,,,,,,,,,,,,,,,,,,,,,yes,,,,,,,,
"LINESTRING (29.7703923 59.988742, 29.7714697 59.9885259, 29.772437 59.9883319, 29.7732094 59.988177)",,,,footway,,,,,,,,,,,asphalt,,,,,,,,,,,,,,,,,,,,,,sidewalk,,,,,,,,,
"LINESTRING (29.772395 59.9882807, 29.772437 59.9883319, 29.7724664 59.9883675, 29.772618 59.988549, 29.7724393 59.9885526, 29.7720972 59.9886231)",,,,service,,,,,,,,,,,asphalt,,,,,,,,,,,,,,,,,,,,,,,yes,,,,,,,,
"LINESTRING (29.7740667 59.9889388, 29.7739553 59.9889599, 29.773419 59.9890615, 29.773498 59.9891657, 29.7733968 59.9891849, 29.7733499 59.9891938, 29.7731473 59.9892322, 29.7730512 59.9891052)",,,,service,,,,,,,,,,,asphalt,,,,,,,,,,,,,,,,,,,,,,,yes,,,,,,,,
"LINESTRING (29.7709664 59.9882305, 29.7709191 59.9881834, 29.7706787 59.9878836, 29.7703416 59.9879512, 29.770582 59.988251)",,,,service,,,,,,,,,,,asphalt,,,,,,,,,,,,,,,,,,,,,,,yes,,,,,,,,
"LINESTRING (29.7736635 59.9903312, 29.7734788 59.9901286, 29.7740735 59.9900083, 29.7740386 59.9899639, 29.7739363 59.9898335, 29.7738291 59.9898205, 29.7737729 59.9897514, 29.7737213 59.9896879, 29.7739185 59.9896482, 29.773737 59.9894203, 29.7736378 59.9892957, 29.7734975 59.9893223, 29.7733968 59.9891849)",,,,service,,,,,,,,,,,asphalt,,,,,,,,,,,,,,,,,,,,,,,,,,,,,,,
"LINESTRING (29.7740735 59.9900083, 29.7742348 59.9902138)",,,,service,,,,,,,,,,,asphalt,,,,,,,,,,,,,,,,,,,,,,,,,,,,,,,
"LINESTRING (29.7714273 59.9884736, 29.7714697 59.9885259, 29.771608 59.9886961, 29.7709926 59.9888211, 29.771434 59.9893646, 29.7709609 59.9894607, 29.77079 59.9894955)",,,,service,,,,,,,,,,,asphalt,,,,,,,,,,,,,,,,,,,,,,,yes,,,,,,,,
"LINESTRING (29.7659213 59.9870127, 29.7656618 59.986695, 29.7681358 59.9862035)",,,,footway,,,,,,,,,,,compacted,,,,,,,,,,,,,,,,,,,,,,,,,,,,,,,
"LINESTRING (29.7772761 59.9891374, 29.7773172 59.9892268, 29.7774295 59.9893191, 29.7775651 59.9893914, 29.7776842 59.9894392, 29.7779132 59.9894731)",,,,footway,,,,,,,,,,,,,,,,,,,,,,,,,,,,,,,,,,,,,,,,,,
"LINESTRING (29.7723349 59.9906058, 29.7724471 59.9907392, 29.7729245 59.9906385, 29.7734185 59.9905358, 29.7739232 59.9904305, 29.7744642 59.990318, 29.7743545 59.9901898)",,,,service,,,,,,,,,,,asphalt,,,,,,,,,,,,,,,,,,,,,,,,,,,,,,,
"LINESTRING (29.7665873 59.9882872, 29.7658576 59.9884349)",,,,footway,,,,,,,,,,,wood,,,,,,,,,,yes,1,Q3565129,,,,,,,,,,,,,,,,,,,
"LINESTRING (29.7667031 59.9883439, 29.7666795 59.9883201, 29.76666 59.9883007, 29.7666265 59.9882909, 29.7665873 59.9882872)",,,,footway,,,,,,,,,,,,,,,,,,,,,,,,,,,,,,,,,,,,,,,,,,
"LINESTRING (29.7758372 59.9864879, 29.7751058 59.9866343)",,,,residential,,,,,yes,Макаровская улица,,,,,asphalt,2,RU:urban,,197762,,,,,,,,,,,,,,,,,,,,,,,,,,,
"LINESTRING (29.7751058 59.9866343, 29.7746941 59.9867167, 29.7733002 59.9869956, 29.7730672 59.9870422, 29.772851 59.9870854, 29.7727107 59.9871135, 29.7726375 59.9871282)",,,,residential,,,,,yes,Макаровская улица,,,,,asphalt,2,RU:urban,,197762,,,,,,,,,,,,,,,,,,,,,,,,,,,
"LINESTRING (29.7758372 59.9864879, 29.7758745 59.9865449, 29.7758278 59.9865944, 29.7756821 59.9866316)",,,,service,,,,,,,,,,,asphalt,,,yes,,,,,,,,,,,,,,,,,,,,,,,,,,,,
"LINESTRING (29.7717961 59.9907177, 29.7717285 59.9906375, 29.7716364 59.9905283, 29.7712235 59.9900385, 29.77079 59.9894955, 29.7705345 59.9891753, 29.7701739 59.9887235)",,,,residential,,,,,yes,Коммунистическая улица,,,,,asphalt,2,RU:urban,,197760,,,,,,,,Q16665140,,,,,,,,,,,,,,,,,,,
"LINESTRING (29.7687618 59.9916008, 29.7690804 59.9915348, 29.768948 59.9913749, 29.7667709 59.9887464, 29.7666005 59.9887817, 29.7664522 59.9888124, 29.7686232 59.9914335, 29.7687618 59.9916008)",,,,path,,,,,,,,,,,,,,,,,,,private,,,,,,,,,,,,,,,,,,,,,,,
"LINESTRING (29.7796751 59.9866095, 29.7794384 59.9863163, 29.7792632 59.9861017, 29.7780911 59.9863284, 29.7782708 59.9865551, 29.7794384 59.9863163)",,,,service,,,,,,,,,,,,,10,,,,,,,,,,,,,,,,,,,,,,,,,,,,,
"LINESTRING (29.7665595 59.9882333, 29.7665887 59.9882256, 29.7666097 59.988206, 29.766611 59.9881853)",,,,footway,,,,,,,,,,,asphalt,,,,,,,,,,,,,,,,,,,,,,,,,,,,,,,
"LINESTRING (29.7798827 59.9844449, 29.7804594 59.9851346, 29.7806284 59.9851936, 29.7882085 59.9836974, 29.7883798 59.9839175, 29.7886747 59.9839404, 29.7889983 59.9843028)",,,,service,,,,,,,,,,,,,,,,,,,,,,,,,,,,,,,,,,,,,,,alley,,,
"LINESTRING (29.7689733 59.9898864, 29.7693124 59.9898007)",,,,service,,,,,,,,,,,,,,,,,,,,,,,,,,,,,,,,,,,,,,,,,,
"LINESTRING (29.7839484 59.987002, 29.7834843 59.9863983, 29.7832739 59.9861388, 29.7809502 59.9866058, 29.7805973 59.9866705)",,,,footway,,,,,,,,,,,asphalt,,,,,,,,,,,,,,,,,,,,,,sidewalk,,,,,,,,,
"LINESTRING (29.7732007 59.987974, 29.7732897 59.987956, 29.7733711 59.9879396)",,,,footway,,,,,,,,,,,asphalt,,,,,,,,,,,,,,,,,,,,,,crossing,,,,,,,,,
"LINESTRING (29.7658142 59.9883836, 29.7665595 59.9882333)",,,,footway,,,,,,,,,,,wood,,,,,,,,,,yes,1,Q3565129,,,,,,,,,,,,,,,,,,,
"LINESTRING (29.7781063 59.9894405, 29.7782235 59.9893327, 29.778256 59.9892026, 29.7781828 59.9890399, 29.7781347 59.9889968, 29.7780283 59.9889016, 29.7777844 59.9888243, 29.7775845 59.9888389)",,,,footway,,,,,,,,,,,,,,,,,,,,,,,,,,,,,,,,,,,,,,,,,,
"LINESTRING (29.7772985 59.9890767, 29.7774592 59.9892229, 29.7776706 59.9892961, 29.7778739 59.989292, 29.7780527 59.9892392, 29.7781096 59.9891253, 29.7781347 59.9889968)",,,,footway,,,,,,,,,,,,,,,,,,,,,,,,,,,,,,,,,,,,,,,,,,
"LINESTRING (29.7770923 59.9877091, 29.7770891 59.9877322, 29.7770705 59.9877535, 29.7770386 59.9877704, 29.7769971 59.9877808, 29.776951 59.9877837, 29.7769091 59.9877793, 29.7768721 59.9877685, 29.7768436 59.9877525, 29.7768266 59.9877328, 29.7768228 59.9877115, 29.7768324 59.9876906, 29.7768546 59.9876723, 29.7768872 59.9876584, 29.7769268 59.9876502, 29.7769695 59.9876487, 29.7770144 59.9876546, 29.7770526 59.9876678, 29.7770796 59.9876867, 29.7770923 59.9877091)",,,,footway,,,,,,,,,,,compacted,,,,,,,,,,,,,,,,,,,,,,,,,,,,,,,
"LINESTRING (29.7769971 59.9877808, 29.7770836 59.9879366, 29.7773035 59.9883327, 29.7774676 59.9886283, 29.7775845 59.9888389)",,,,footway,,,,,,,,,,,compacted,,,,,,,,,,,,,,,,,,,,,,,,,,,,,,,
"LINESTRING (29.7769268 59.9876502, 29.7768412 59.9875033)",,,,footway,,,,,,,,,,,compacted,,,,,,,,,,,,,,,,,,,,,,,,,,,,,,,
"LINESTRING (29.7768412 59.9875033, 29.776813 59.9874669)",,,,footway,,,,,,,,,,,asphalt,,,,,,,,,,,,,,,,,,,,,,,,,,,,,,,
"LINESTRING (29.7777498 59.9873184, 29.7778846 59.9874881, 29.7779115 59.9875218, 29.7779813 59.9876507, 29.7780244 59.9877303, 29.7780496 59.9877768, 29.7783174 59.988271, 29.7785006 59.9886091, 29.778678 59.9889366, 29.7788643 59.9892804)",,,,footway,,,,,,,,,,,compacted,,,,,,,,,,,,,,,,,,,,,,,,,,,,,,,
"LINESTRING (29.7781063 59.9894405, 29.7786156 59.9893344)",,,,footway,,,,,,,,,,,,,,,,,,,,,,,,,,,,,,,,,,,,,,,,,,
"LINESTRING (29.7786156 59.9893344, 29.7787003 59.9893171)",,,,steps,,,,,,,,,,,,,,,,,,,,,,,,,,,,no,up,no,,,,,,,,,,9,,
"LINESTRING (29.7790132 59.989247, 29.7791036 59.989226)",,,,steps,,,,,,,,,,,,,,,,,,,,,,,,,,,,no,down,no,,,,,,,,,,9,,
"LINESTRING (29.7787003 59.9893171, 29.7788643 59.9892804, 29.7790132 59.989247)",,,,footway,,,,,,,,,,,,,,,,,,,,,,,,,,,,,,,,,,,,,,,,,,
"POLYGON ((29.7787003 59.9893171, 29.7787423 59.9893708, 29.7788497 59.9893895, 29.7789571 59.9893755, 29.7790225 59.9893451, 29.7790552 59.9893054, 29.7790132 59.989247, 29.7788643 59.9892804, 29.7787003 59.9893171))",,,,pedestrian,,,,,,,,,,,compacted,,,,,,,,,,,,,,,,,,,,,,,,,,,,,,yes,
"LINESTRING (29.7791036 59.989226, 29.7792338 59.9891163)",,,,footway,,,,,,,,,,,,,,,,,,,,,,,,,,,,,,,,,,,,,,,,,,
"LINESTRING (29.7781347 59.9889968, 29.7782565 59.9888329, 29.7782826 59.9888089, 29.7785006 59.9886091, 29.7788338 59.9884465, 29.7789019 59.9883834)",,,,footway,,,,,,,,,,,,,,,,,,,,,,,,,,,,,,,,,,,,,,,,,,
"LINESTRING (29.7792338 59.9891163, 29.7789882 59.9890118, 29.778678 59.9889366, 29.7785004 59.9889142, 29.7783784 59.9888369, 29.7782826 59.9888089, 29.7781766 59.9887839, 29.777924 59.9886915, 29.7777076 59.9886374, 29.777659 59.9886252, 29.777545 59.9886206, 29.7774676 59.9886283)",,,,footway,,,,,,,,,,,,,,,,,,,,,,,,,,,,,,,,,,,,,,,,,,
"LINESTRING (29.7770423 59.9895876, 29.7767416 59.9891714, 29.776564 59.9889106)",,,,footway,,,,,,,,,,,,,,,,,,,,,,,,,,,,,,,,,,,,,,,,,,
"LINESTRING (29.7774676 59.9886283, 29.7773689 59.9886462, 29.7772632 59.988695, 29.7771494 59.9887682, 29.7770321 59.9888167, 29.7769624 59.9888455, 29.776816 59.9889065, 29.7767672 59.989, 29.7767416 59.9891714)",,,,footway,,,,,,,,,,,,,,,,,,,,,,,,,,,,,,,,,,,,,,,,,,
"LINESTRING (29.776564 59.9889106, 29.7764989 59.9887235, 29.7765919 59.9885094, 29.7766565 59.9883608, 29.7768337 59.9879528, 29.7769091 59.9877793)",,,,footway,,,,,,,,,,,,,,,,,,,,,,,,,,,,,,,,,,,,,,,,,,
"LINESTRING (29.7772985 59.9890767, 29.777236 59.9889583, 29.7770321 59.9888167, 29.7765919 59.9885094, 29.7761482 59.9883132, 29.7757703 59.9882266, 29.775522 59.9880735)",,,,footway,,,,,,,,,,,,,,,,,,,,,,,,,,,,,,,,,,,,,,,,,,
"LINESTRING (29.7769811 59.9884574, 29.7769302 59.9884498, 29.7768871 59.9884342, 29.7768567 59.9884124, 29.7768423 59.9883869, 29.7768456 59.9883604, 29.7768661 59.9883358, 29.7769003 59.9883166, 29.7769451 59.9883039, 29.7769956 59.9882989, 29.7770466 59.9883023, 29.7770928 59.9883137, 29.7771294 59.9883319, 29.7771523 59.9883549, 29.7771594 59.9883804, 29.7771498 59.9884057, 29.7771235 59.9884288, 29.7770835 59.9884463, 29.7770342 59.9884562, 29.7769811 59.9884574)",,,,footway,,,,,,,,,,,,,,,,,,,,,,,,,,,,,,,,,,,,,,,,,,
"LINESTRING (29.7771523 59.9883549, 29.7773035 59.9883327)",,,,footway,,,,,,,,,,,,,,,,,,,,,,,,,,,,,,,,,,,,,,,,,,
"LINESTRING (29.7768423 59.9883869, 29.7766565 59.9883608, 29.7761482 59.9883132)",,,,footway,,,,,,,,,,,,,,,,,,,,,,,,,,,,,,,,,,,,,,,,,,
"LINESTRING (29.7773035 59.9883327, 29.7775687 59.9882573)",,,,footway,,,,,,,,,,,,,,,,,,,,,,,,,,,,,,,,,,,,,,,,,,
"LINESTRING (29.777774 59.9879209, 29.7778847 59.9878723, 29.7780496 59.9877768)",,,,footway,,,,,,,,,,,,,,,,,,,,,,,,,,,,,,,,,,,,,,,,,,
"LINESTRING (29.7780244 59.9877303, 29.7781165 59.9877645, 29.7782425 59.987793, 29.7784905 59.9878357, 29.7786775 59.9878499, 29.7788279 59.9879211)",,,,footway,,,,,,,,,,,,,,,,,,,,,,,,,,,,,,,,,,,,,,,,,,
"LINESTRING (29.7788279 59.9879211, 29.7789174 59.9880065, 29.778949 59.9880798)",,,,footway,,,,,,,,,,,,,,,,,,,,,,,,,,,,,,,,,,,,,,,,,,
"LINESTRING (29.7775845 59.9888389, 29.7776021 59.9887616, 29.7777076 59.9886374, 29.7780271 59.9884789, 29.7783174 59.988271, 29.7785781 59.9880118, 29.7786775 59.9878499, 29.7787807 59.9878221, 29.778883 59.9877779, 29.7789525 59.9877133)",,,,footway,,,,,,,,,,,,,,,,,,,,,,,,,,,,,,,,,,,,,,,,,,
"LINESTRING (29.7770796 59.9876867, 29.777532 59.9876774, 29.7776301 59.9876754, 29.7779813 59.9876507, 29.7783026 59.987603, 29.778577 59.987555, 29.7786995 59.9875796, 29.778835 59.987624)",,,,footway,,,,,,,,,,,,,,,,,,,,,,,,,,,,,,,,,,,,,,,,,,
"LINESTRING (29.7778846 59.9874881, 29.7777142 59.9875189, 29.7776161 59.987575, 29.7775507 59.987638, 29.777532 59.9876774, 29.77749 59.9877572, 29.7773873 59.9877735, 29.7774178 59.9878155, 29.7774246 59.9878249, 29.7775274 59.9878086, 29.77749 59.9877572)",,,,footway,,,,,,,,,,,,,,,,,,,,,,,,,,,,,,,,,,,,,,,,,,
"LINESTRING (29.7774178 59.9878155, 29.7773271 59.9878586, 29.7771929 59.9879155, 29.7770836 59.9879366, 29.7769226 59.9879531, 29.7768337 59.9879528, 29.7766421 59.9879267, 29.7765262 59.9878799, 29.7764142 59.9878134)",,,,footway,,,,,,,,,,,,,,,,,,,,,,,,,,,,,,,,,,,,,,,,,,
"LINESTRING (29.7778846 59.9874881, 29.7780423 59.9874579, 29.7780637 59.987486, 29.7781603 59.9874673, 29.7781389 59.987437, 29.7781147 59.9874029, 29.7780182 59.9874203, 29.7780423 59.9874579)",,,,footway,,,,,,,,,,,,,,,,,,,,,,,,,,,,,,,,,,,,,,,,,,
"LINESTRING (29.7781389 59.987437, 29.7782335 59.9874165, 29.7782795 59.9873652, 29.7782725 59.987305, 29.7782152 59.9872245)",,,,footway,,,,,,,,,,,,,,,,,,,,,,,,,,,,,,,,,,,,,,,,,,
"LINESTRING (29.7777498 59.9873184, 29.777718 59.9872816)",,,,footway,,,,,,,,,,,asphalt,,,,,,,,,,,,,,,,,,,,,,,,,,,,,,,
"LINESTRING (29.778835 59.987624, 29.7789094 59.9876702, 29.7789525 59.9877133)",,,,footway,,,,,,,,,,,,,,,,,,,,,,,,,,,,,,,,,,,,,,,,,,
"LINESTRING (29.778577 59.987555, 29.7786629 59.9875361, 29.7788385 59.9874868, 29.779002 59.9874275)",,,,footway,,,,,,,,,,,,,,,,,,,,,,,,,,,,,,,,,,,,,,,,,,
"LINESTRING (29.7782795 59.9873652, 29.7783702 59.9873358, 29.7786136 59.9873173, 29.7791522 59.987315)",,,,footway,,,,,,,,,,,,,,,,,,,,,,,,,,,,,,,,,,,,,,,,,,
"LINESTRING (29.7768266 59.9877328, 29.7764142 59.9878134, 29.7763093 59.9878259, 29.7760786 59.9878366, 29.7757246 59.9878501, 29.77566 59.9878645, 29.7753866 59.9879198, 29.7752944 59.9878139, 29.7752716 59.9877839)",,,,footway,,,,,,,,,,,,,,,,,,,,,,,,,,,,,,,,,,,,,,,,,,
"LINESTRING (29.7753866 59.9879198, 29.775522 59.9880735)",,,,footway,,,,,,,,,,,compacted,,,,,,,,,,,,,,,,,,,,,,,,,,,,,,,
"LINESTRING (29.7768337 59.9879528, 29.7763843 59.9881041, 29.7759414 59.9881941, 29.7757703 59.9882266, 29.7750906 59.9883489)",,,,footway,,,,,,,,,,,,,,,,,,,,,,,,,,,,,,,,,,,,,,,,,,
"LINESTRING (29.7759414 59.9881941, 29.7757933 59.9880206, 29.77566 59.9878645)",,,,footway,,,,,,,,,,,,,,,,,,,,,,,,,,,,,,,,,,,,,,,,,,
"LINESTRING (29.7770423 59.9895876, 29.7770549 59.9896625, 29.7770939 59.9897076, 29.7771593 59.9897607, 29.7772584 59.989782, 29.7773664 59.9897935, 29.7774885 59.9897926, 29.7776477 59.9897811, 29.7781415 59.9896775, 29.7779674 59.9894662)",,,,footway,,,,,,,,,,,,,,,,,,,,,,,,,,,,,,,,,,,,,,,,,,
"LINESTRING (29.7622778 59.9891084, 29.7623976 59.9890641, 29.7624931 59.9890445, 29.7625309 59.9890364, 29.7640447 59.9887141, 29.7655893 59.9883851)",,,,footway,,,,,,,,,,,asphalt,,,,,,,,,,,,,,,,,,,,,,,,,,,,,,,
"LINESTRING (29.7710669 59.985976, 29.7711314 59.9859593, 29.771188 59.9859447)",,,,footway,,,,,,,,,,,asphalt,,,,,,,,,,,,,,,,,,,,,,,,,,,,,,,
"LINESTRING (29.780278 59.9867357, 29.7799564 59.9868241)",,,,footway,,,,,,,,,,,asphalt,,,,,,,,,,,,,,,,,,,,,,sidewalk,,,,,,,,,
"LINESTRING (29.7805973 59.9866705, 29.780278 59.9867357)",,,,footway,,,,,,,,,,,asphalt,,,,,,,,,,yes,1,Q109399097,,,,,,,,,,sidewalk,,,,,,,,,
"LINESTRING (29.7696838 59.9878722, 29.7695093 59.9879034, 29.769369 59.9879318)",,,,footway,,,,,,,,,,,asphalt,,,,,,,,,,,,,,,,,,,,,,crossing,,,,,,,,,
"LINESTRING (29.7735282 59.9881514, 29.773445 59.9881682, 29.7733746 59.9881824)",,,,footway,,,,,yes,,,,,,asphalt,,,,,,,,,,,,,,,,,,,,,,crossing,,,,,,,,,
"LINESTRING (29.7658576 59.9884349, 29.7658234 59.9884407, 29.7658741 59.9885031, 29.7657929 59.9885198, 29.7646374 59.988759, 29.7634568 59.9890015, 29.7630592 59.9890831, 29.7626332 59.9891706)",,,,footway,,,,,,,,,,,,,,,,,,,,,,,,,,,,,,,,,,,,,,,,,,
"LINESTRING (29.7621962 59.9890246, 29.7624324 59.9889746, 29.7639159 59.9886596, 29.7639549 59.9886825, 29.7640052 59.9886714, 29.7640564 59.9886603, 29.7640559 59.9886297, 29.7651104 59.9884074, 29.765184 59.9883919, 29.7656161 59.9883007)",,,,footway,,,,,,,,,,,,,,,,,,,,,,,,,,,,,,,,,,,,,,,,,,
"LINESTRING (29.7735806 59.9879941, 29.7735135 59.9879109, 29.7732886 59.9876321, 29.7729838 59.9872517)",,,,footway,,,,,,,,,,,asphalt,,,,,,,,,,,,,,,,,,,,,,sidewalk,,,,,,,,,
"LINESTRING (29.7736493 59.9880792, 29.7736142 59.9880357, 29.7735806 59.9879941)",,,,footway,,,,,yes,,,,,,asphalt,,,,,,,,,,,,,,,,,,,,,,crossing,,,,,,,,,
"LINESTRING (29.7726375 59.9871282, 29.7721651 59.9872227)",,,,tertiary,,,,,yes,Макаровская улица,,,,,asphalt,2,RU:urban,,197762,,,good,,,,,,,,,,,,,,,,,,,,,,,,
"LINESTRING (29.7769592 59.9866969, 29.7769668 59.9866715, 29.7769806 59.9866256)",,,,footway,,,,,,,,,,,asphalt,,,,,,,,,,,,,,,,,,,,,,,,,,,,,,,
"LINESTRING (29.7768453 59.9866976, 29.7769668 59.9866715)",,,,footway,,,,,,,,,,,asphalt,,,,,,,,,,,,,,,,,,,,,,,,,,,,,,,
"LINESTRING (29.7729838 59.9872517, 29.772851 59.9870854, 29.772791 59.9870102)",,,,footway,,,,,,,,,,,asphalt,,,,,,,,,,,,,,,,,,,,,,crossing,,,,,,,,,
"LINESTRING (29.7654027 59.9866775, 29.7652835 59.986597, 29.7652057 59.986499, 29.7643393 59.9854485, 29.7644091 59.9853224, 29.7625208 59.9830361)",,,,service,,,,,,,,,,,,,,,,,,,private,,,,,,,,,,,,,,,,,,,,,,,
"LINESTRING (29.7667526 59.9881584, 29.7667759 59.988124)",,,,footway,,,,,,,,,,,asphalt,,,,,,,,,,,,,,,,,no,down,no,,,,,,,,,,,,
"LINESTRING (29.7709664 59.9882305, 29.7710583 59.9883452)",,,,service,,,,,,,,,,,asphalt,,,,,,,,,,,,,,,,,,,,,,,yes,,below_default,,building_passage,,,,
"LINESTRING (29.7710583 59.9883452, 29.7710936 59.9883892, 29.7711979 59.9885193)",,,,service,,,,,,,,,,,asphalt,,,,,,,,,,,,,,,,,,,,,,,yes,,,,,,,,
"LINESTRING (29.7708557 59.9858152, 29.7706922 59.9858493)",,,,footway,,,,,,,,,,,,,,,,,,,,,,,,,,,,,,,,,,,,,,,,,,
"LINESTRING (29.770846 59.9856008, 29.7711314 59.9859593, 29.7715077 59.9864574, 29.7720371 59.9871582)",,,,footway,,,,,,,,,,,asphalt,,,,,,,,,,,,,,,,,,,,,,sidewalk,,,,,,,,,
"LINESTRING (29.770846 59.9856008, 29.7709145 59.9855849)",,,,footway,,,,,,,,,,,asphalt,,,,,,,,,,,,,,,,,,,,,,sidewalk,,,,,,,,,
"LINESTRING (29.7667526 59.9881584, 29.7661093 59.9873687, 29.765822 59.987033, 29.7655855 59.9867569, 29.7654027 59.9866775)",,,,footway,,,,,,,,,,,asphalt,,,,,,,,,,,,,,,,,,,,,,sidewalk,,,,,,,,,
"LINESTRING (29.7756821 59.9866316, 29.7755006 59.9866467, 29.7751058 59.9866343)",,,,service,,,,,,,,,,,asphalt,,,yes,,,,,,,,,,,,,,,,,,,,,,,,,,,,
"LINESTRING (29.7665391 59.9879969, 29.7657313 59.9870516, 29.7656799 59.986997, 29.7654695 59.9867545)",,,,service,,,,,,,,,,,unhewn_cobblestone,1,,,,,,,,,,,,,,,,,,,,,,,,,,,,,,
"LINESTRING (29.7709145 59.9855849, 29.7708215 59.9854672, 29.7710815 59.9854158)",,,,service,,,,,,,,,,,asphalt,,,,,,,,,,,,,,,,,,,,,,,,,,,,,,,
"LINESTRING (29.7687851 59.988072, 29.7687742 59.9880551, 29.7686642 59.9879232)",,,,service,,,,,,,,,,,asphalt,,,,,,,,,,,,,,,,,,,,,,,yes,,,,,,,,
"LINESTRING (29.7688701 59.9881684, 29.7687851 59.988072)",,,,service,,,,,,,,,,,asphalt,,,,,,,,,,,,,,,,,,,,,,,yes,,below_default,,building_passage,,,,
"LINESTRING (29.7690059 59.9892578, 29.7689717 59.9893251, 29.7686112 59.9894004, 29.7681233 59.989505, 29.7683699 59.9898079)",,,,service,,,,,,,,,,,cobblestone,,,,,,,,,,,,,,,,,,,,,,,,,,,,,,,
"LINESTRING (29.7674362 59.9881627, 29.766736 59.9882265, 29.7665598 59.9882609)",,,,tertiary,,,,,yes,Макаровская улица,,,,,asphalt,2,RU:urban,,197762,no,8,excellent,,,,,,,,,,,,,,,,,,,,,,,,
"LINESTRING (29.7748903 59.9900747, 29.7749084 59.9900974)",,,,footway,,,,,,,,,,,asphalt,,,,,,,,,,,,,,,,,,,,,,,,,,,,,,,
"LINESTRING (29.7751466 59.9900619, 29.7751423 59.9900567, 29.7751062 59.9899402)",,,,footway,,,,,,,,,,,asphalt,,,,,,,,,,,,,,,,,,,,,,,,,,,,,,,
"LINESTRING (29.7725054 59.9883826, 29.7727502 59.9884772)",,,,path,,,,,,,,,,,paving_stones,,,,,,,,,,,,,,,,,,,,,,,,,,,,,,,
"LINESTRING (29.7727502 59.9884772, 29.7728225 59.9885063)",,,,path,,,,,,,,,,,asphalt,,,,,,,,,,,,,,,,,,,,,,,,,,,,,,,
"LINESTRING (29.7798054 59.9867637, 29.779697 59.9866354, 29.7796751 59.9866095)",,,,service,,,,,,,,,,,asphalt,,10,,,,,,,,,,,,,,,,,,,,,,,,,,,,,
"LINESTRING (29.7782152 59.9872245, 29.778182 59.9871867)",,,,footway,,,,,,,,,,,asphalt,,,,,,,,,,,,,,,,,,,,,,,,,,,,,,,
"LINESTRING (29.7759225 59.9866619, 29.7759791 59.9866881)",,,,footway,,,,,,,,,,,asphalt,,,,,,,,,,,,,,,,,,,,,,,,,,,,,,,
"LINESTRING (29.7766148 59.9869828, 29.7766352 59.9869922)",,,,footway,,,,,,,,,,,asphalt,,,,,,,,,,,,,,,,,,,,,,,,,,,,,,,
"LINESTRING (29.7758537 59.9867115, 29.7758328 59.9867782)",,,,footway,,,,,,,,,,,paving_stones,,,,,,,,,,,,,,,,,,,,,,,,,,,,,,,
"LINESTRING (29.7758328 59.9867782, 29.7758293 59.9867893)",,,,footway,,,,,,,,,,,asphalt,,,,,,,,,,,,,,,,,,,,,,,,,,,,,,,
"LINESTRING (29.7767278 59.9867215, 29.7767132 59.9867242)",,,,steps,,,,,yes,,,,,,concrete,,,,,,,,,,,,,,,,,yes,up,no,,,,,,,,,,2,,
"LINESTRING (29.7748185 59.9868754, 29.7747085 59.9867351)",,,,footway,,,,,,,,,,,paving_stones,,,,,,,,,,,,,,,,,,,,,,,,,,,,,,,
"LINESTRING (29.7747085 59.9867351, 29.7746941 59.9867167)",,,,footway,,,,,,,,,,,asphalt,,,,,,,,,,,,,,,,,,,,,,,,,,,,,,,
"LINESTRING (29.7746648 59.9871543, 29.7746839 59.9871504)",,,,footway,,,,,,,,,,,asphalt,,,,,,,,,,,,,,,,,,,,,,,,,,,,,,,
"LINESTRING (29.7745913 59.98738, 29.7745761 59.9873595)",,,,footway,,,,,,,,,,,asphalt,,,,,,,,,,,,,,,,,,,,,,,,,,,,,,,
"LINESTRING (29.7745761 59.9873595, 29.7745394 59.9873103)",,,,footway,,,,,,,,,,,paving_stones,,,,,,,,,,,,,,,,,,,,,,,,,,,,,,,
"LINESTRING (29.7679947 59.9880571, 29.7681103 59.98819, 29.7681253 59.9882122)",,,,service,,,,,,,,,,,asphalt,,,,,,,,,,,,,,,,,,,,,,,,,,,,,,,
"LINESTRING (29.7767639 59.9870729, 29.7763989 59.9871453)",,,,footway,,,,,,,,,,,asphalt,,,,,,,,,,,,,,,,,,,,,,,,,,,,,,,
"LINESTRING (29.7763989 59.9871453, 29.7763891 59.9871472)",,,,footway,,,,,,,,,,,asphalt,,,,,,,,,,,,,,,,,,,,,,,,,,,,,,,
"LINESTRING (29.7750906 59.9883489, 29.7757852 59.9884909)",,,,footway,,,,,,,,,,,asphalt,,,,,,,,,,,,,,,,,,,,,,,,,,,,,,,
"LINESTRING (29.7654695 59.9867545, 29.7654027 59.9866775)",,,,service,,,,,,,,,,,asphalt,1,,,,,,,,,,,,,,,,,,,,,,,,,,,,,,
"LINESTRING (29.7666259 59.9880985, 29.7665391 59.9879969)",,,,service,,,,,,,,,,,unhewn_cobblestone,1,,,,,,,,,,,,,,,,,,,,,,,,,,,,,,
"LINESTRING (29.7681358 59.9862035, 29.7678038 59.9857987, 29.7677743 59.9857627)",,,,footway,,,,,,,,,,,paving_stones,,,,,,,,,,,,,,,,,,,,,,,,,,,,,,,
"LINESTRING (29.7692527 59.9876261, 29.7692469 59.9876189)",,,,footway,,,,,,,,,,,compacted,,,,,,,,,,,,,,,,,,,,,,,,,,,,,,,
"LINESTRING (29.7694298 59.9874517, 29.7694129 59.9874672)",,,,footway,,,,,,,,,,,paving_stones,,,,,,,,,,,,,,,,,,,,,,,,,,,,,,,
"LINESTRING (29.7694129 59.9874672, 29.7692469 59.9876189)",,,,footway,,,,,,,,,,,compacted,,,,,,,,,,,,,,,,,,,,,,,,,,,,,,,
"LINESTRING (29.7692781 59.9876582, 29.769329 59.9877187)",,,,footway,,,,,,,,,,,paving_stones,,,,,,,,,,,,,,,,,,,,,,sidewalk,,,,,,,,,
"LINESTRING (29.7714582 59.9873641, 29.7713844 59.9873789)",,,,tertiary,,,,,yes,Макаровская улица,,,,,asphalt,2,RU:urban,,197762,no,8,,,,,,,,,,,,,,,,,,,,,,,,,
"LINESTRING (29.7713844 59.9873789, 29.7711098 59.9874339, 29.7696533 59.9877253, 29.7694052 59.9877749)",,,,tertiary,,,,,yes,Макаровская улица,,,,,asphalt,2,RU:urban,,197762,no,8,excellent,,,,,,,,,,,,,,,,,,,,,,,,
"LINESTRING (29.7721651 59.9872227, 29.7714582 59.9873641)",,,,tertiary,,,,,yes,Макаровская улица,,,,,asphalt,2,RU:urban,,197762,no,8,,,,,,,,,,,,,,,,,,,,,,,,,
"LINESTRING (29.7802299 59.9866767, 29.7800519 59.9867131)",,,,tertiary,,,,,yes,Петровская улица,,,,,metal,2,RU:urban,,197762,,,,,,,,,,,,,,,,,,,,,,,,,,,
"LINESTRING (29.7807041 59.9865801, 29.7805491 59.9866115)",,,,tertiary,,,,,yes,Петровская улица,,,,,metal,2,RU:urban,,197762,,,,,,,,,,,,,,,,,,,,,,,,,,,
"LINESTRING (29.7805751 59.9905828, 29.7816542 59.9903403, 29.7822417 59.9902326, 29.7822703 59.9902667)",,,,service,,,,,,,,,,,asphalt,,,,,,,,,,,,,,,,,,,,,,,,,,,,,,,
"LINESTRING (29.7682986 59.9865261, 29.7675134 59.9872604)",,,,footway,,,,,,,,,,,compacted,,,,,,,,,,,,,,,,,,,,,,,,,,,,,,,
"LINESTRING (29.7711964 59.9881277, 29.7709191 59.9881834, 29.770582 59.988251)",,,,service,,,,,,,,,,,asphalt,,,,,,,,,,,,,,,,,,,,,,,yes,,,,,,,,
"LINESTRING (29.7696008 59.9876625, 29.7696214 59.9876836, 29.7696533 59.9877253, 29.7697108 59.9877954, 29.7697238 59.9878159)",,,,footway,,,,,,,,,,,asphalt,,,,,,,,,,,,,,,,,,,,,,crossing,,,,,,,,,
"LINESTRING (29.7677743 59.9857627, 29.7677433 59.9857261)",,,,steps,,,,,,,,,,,,,,,,,,,,,,,,,,,,no,down,,,,,,,,,,,,,
"LINESTRING (29.7679339 59.9857721, 29.7680359 59.9857511)",,,,steps,,,,,,,,,,,,,,,,,,,,,,,,,,,,no,down,,,,,,,,,,,,,
"LINESTRING (29.7677 59.9858199, 29.7675924 59.985841)",,,,steps,,,,,,,,,,,,,,,,,,,,,,,,,,,,no,down,,,,,,,,,,,10,,
"LINESTRING (29.7679339 59.9857721, 29.7678038 59.9857987, 29.7677 59.9858199)",,,,footway,,,,,,,,,,,,,,,,,,,,,,,,,,,,,,,,,,,,,,,,,,
"LINESTRING (29.7715077 59.9864574, 29.7714547 59.9864677, 29.7713999 59.9864787)",,,,footway,,,,,,,,,,,,,,,,,,,,,,,,,,,,,,,,,,,,,,,,,,
"LINESTRING (29.766611 59.9881853, 29.7665063 59.9881682, 29.7664424 59.9881828, 29.7664281 59.9881666)",,,,footway,,,,,,,,,,,,,,,,,,,,,,,,,,,,,,,,,,,,,,,,,,
"LINESTRING (29.7664281 59.9881666, 29.7663672 59.9880905)",,,,steps,,,,,,,,,,,,,,,,,,,,,,,,,,,,,down,,,,,,,,,,,,,
"LINESTRING (29.766611 59.9881853, 29.7666878 59.9881737, 29.7667526 59.9881584)",,,,footway,,,,,,,,,,,asphalt,,,,,,,,,,,,,,,,,,,,,,crossing,,,,,,,,,
"LINESTRING (29.7678408 59.9882469, 29.7670175 59.9883187)",,,,footway,,,,,,,,,,,,,,,,,,,,,,,,,,,,,,,,,,,,,,,,,,
"LINESTRING (29.7681615 59.9890054, 29.7682575 59.9889851, 29.7683604 59.9889633, 29.768315 59.9889096, 29.76827 59.9888565, 29.7680711 59.9888986, 29.7681615 59.9890054)",,,,footway,,,,,,,,,,,,,,,,,,,,,,,,,,,,,,,,,,,,,,,,,,
"LINESTRING (29.7682575 59.9889851, 29.768496 59.9892652, 29.7686112 59.9894004)",,,,footway,,,,,,,,,,,,,,,,,,,,,,,,,,,,,,,,,,,,,,,,,,
"LINESTRING (29.768315 59.9889096, 29.7686518 59.9888374)",,,,footway,,,,,,,,,,,,,,,,,,,,,,,,,,,,,,,,,,,,,,,,,,
"LINESTRING (29.7680433 59.9894397, 29.768065 59.9894348, 29.7681805 59.9894089, 29.7681227 59.9893433, 29.7680489 59.9893573, 29.7679838 59.9893697, 29.7680433 59.9894397)",,,,footway,,,,,,,,,,,,,,,,,,,,,,,,,,,,,,,,,,,,,,,,,,
"LINESTRING (29.7681233 59.989505, 29.768065 59.9894348)",,,,path,,,,,,,,,,,,,,,,,,,,,,,,,,,,,,,,,,,,,,,,,,
"LINESTRING (29.7681227 59.9893433, 29.768496 59.9892652)",,,,footway,,,,,,,,,,,,,,,,,,,,,,,,,,,,,,,,,,,,,,,,,,
"LINESTRING (29.76827 59.9888565, 29.7679692 59.9884986)",,,,footway,,,,,,,,,,,,,,,,,,,,,,,,,,,,,,,,,,,,,,,,,,
"LINESTRING (29.7657573 59.9883495, 29.7657895 59.9883875, 29.7658142 59.9883836)",,,,footway,,,,,,,,,,,paving_stones,,,,,,,,,,,,,,,,,,,,,,,,,,,,,,,
"LINESTRING (29.7657573 59.9883495, 29.7657085 59.9883598, 29.7656762 59.9883667, 29.7655893 59.9883851)",,,,footway,,,,,,,,,,,asphalt,,,,,,,,,,,,,,,,,,,,,,crossing,,,,,,,,,
"LINESTRING (29.7658804 59.9882763, 29.7658186 59.9882012)",,,,steps,no,,,,,,,,,,paving_stones,,,,,,,,,,,,,,,,,yes,down,no,,,,,,,,,,,,
"LINESTRING (29.7658804 59.9882763, 29.7658847 59.9882828, 29.7658454 59.9882923, 29.7658081 59.9883039, 29.7657811 59.9883174, 29.7657631 59.9883335, 29.7657573 59.9883495)",,,,footway,,,,,,,,,,,paving_stones,,,,,,,,,,,,,,,,,,,,,,,,,,,,,,,
"LINESTRING (29.7652844 59.9882049, 29.7654498 59.9881712)",,,,footway,,,,,,,,,,,paving_stones,,,,,,,,,,,,,,,,,,,,,,,,,,,,,,,
"LINESTRING (29.7639501 59.9868957, 29.7640224 59.9869828, 29.764088 59.9870618, 29.7645048 59.9869771, 29.7654722 59.9881667)",,,,footway,,,,,,,,,,,,,,,,,,,,,,,,,,,,,,,,,,,,,,,,,,
"LINESTRING (29.7788 59.9870602, 29.778852 59.9871004, 29.7791522 59.987315)",,,,footway,,,,,,,,,,,,,,,,,,,,,,,,,,,,,,,,,,,,,,,,,,
"LINESTRING (29.7757933 59.9880206, 29.775522 59.9880735)",,,,footway,,,,,,,,,,,,,,,,,,,,,,,,,,,,,,,,,,,,,,,,,,
"LINESTRING (29.7767336 59.9863086, 29.7771338 59.9862324)",,,,service,,,,,,,,,,,,,,,,,,,,,,,,,,,,,,,,,,,,,,,,,,
"LINESTRING (29.7767336 59.9863086, 29.7766804 59.9862497, 29.7766301 59.9861895)",,,,service,,,,,,,,,,,,,,,,,,,,,,,,,,,,,,,,,,,,,,,,,,
"LINESTRING (29.770994 59.9856894, 29.7714086 59.9856042, 29.7712277 59.9853878, 29.7710815 59.9854158)",,,,service,,,,,,,,,,,,,,,,,,,,,,,,,,,,,,,,,,,,,,,,,,
"LINESTRING (29.772959 59.9869194, 29.7729994 59.9869694, 29.7730672 59.9870422)",,,,service,,,,,,,,,,,,,,,,,,,,,,,,,,,,,,,,,,,,,,,,,,
"LINESTRING (29.7791448 59.9853959, 29.779017 59.9854381, 29.7790271 59.9855644, 29.779017 59.9857682, 29.7789463 59.9858592, 29.7787981 59.9859316, 29.7785187 59.9859922, 29.7774547 59.9861876)",,,,service,,,,,,,,,,,,,,,,,,,,,,,,,,,,,,,,,,,,,,,alley,,,
"LINESTRING (29.7804594 59.9851346, 29.7794791 59.9853271)",,,,service,,,,,,,,,,,,,,,,,,,,,,,,,,,,,,,,,,,,,,,alley,,,
"LINESTRING (29.7794791 59.9853271, 29.7791448 59.9853959)",,,,service,,,,,,,,,,,,,,,,,,,,,yes,1,,,,,,,,,,,,,,,,,alley,,,
"LINESTRING (29.7832739 59.9861388, 29.7833298 59.9861278, 29.7833894 59.9861162, 29.7842695 59.9859438, 29.7843869 59.9859238, 29.7848686 59.986522, 29.7847778 59.9865404, 29.7838784 59.9867219)",,,,footway,,,,,,,,,,,asphalt,,,,,,,,,,,,,,,,,,,,,,sidewalk,,,,,,,,,
"LINESTRING (29.7733711 59.9879396, 29.7735135 59.9879109, 29.7735701 59.9878863, 29.7748695 59.9876187, 29.7752133 59.9875473, 29.776498 59.9872826, 29.7768788 59.9872055, 29.7775333 59.9870752, 29.7775778 59.9870663, 29.7777258 59.987037, 29.7779536 59.9869916, 29.779697 59.9866354, 29.7799574 59.9865798, 29.7801562 59.986631, 29.7801873 59.9866245)",,,,footway,,,,,,,,,,,asphalt,,,,,,,,,,,,,,,,,,,,,,sidewalk,,,,,,,,,
"LINESTRING (29.7801873 59.9866245, 29.7805058 59.9865585)",,,,footway,,,,,,,,,,,asphalt,,,,,,,,,,yes,1,Q109399097,,,,,,,,,,sidewalk,,,,,,,,,
"LINESTRING (29.78275 59.9889475, 29.7835171 59.9899152)",,,,path,,,,,,,,,,,,,,,,,,,yes,,,,,,,,,,,,,,,,,,,,,,,
"LINESTRING (29.7822417 59.9902326, 29.782232 59.99021, 29.7822627 59.9901919, 29.7835171 59.9899152)",,,,path,,,,,,,,,,,,,,,,,,,,,,,,,,,,,,,,,,,,,,,,,,
"LINESTRING (29.7822417 59.9902326, 29.7822893 59.9902212, 29.7834985 59.989973)",,,,service,,,,,,,,,,,,,,,,,,,,,,,,,,,,,,,,,,,,,,,,,,
"LINESTRING (29.7742583 59.9899198, 29.7740386 59.9899639)",,,,footway,,,,,,,,,,,asphalt,,,,,,,,,,,,,,,,,,,,,,,,,,,,,,,
"LINESTRING (29.7739363 59.9898335, 29.7741112 59.9897984, 29.7741713 59.9898112, 29.7742583 59.9899198, 29.7744572 59.9901677)",,,,service,,,,,,,,,,,asphalt,,,,,,,,,,,,,,,,,,,,,,,yes,,,,,,,,
"LINESTRING (29.7765437 59.9891535, 29.7766929 59.9893402)",,,,footway,,,,,,,,,,,,,,,,,,,,,,,,,,,,,,,,,,,,,,,,,,
"LINESTRING (29.7754145 59.9891104, 29.7757603 59.989519)",,,,footway,,,,,,,,,,,paving_stones,,,,,,,,,,,,,,,,,,,,,,,,,,,,,,,
"LINESTRING (29.7753494 59.9891072, 29.7750943 59.9891604, 29.7749776 59.9890203)",,,,footway,,,,,,,,,,,tartan,,,,,,,,,,,,,,,,,,,,,,,,,,,,,,,
"LINESTRING (29.7749776 59.9890203, 29.774838 59.9890494)",,,,footway,,,,,,,,,,,paving_stones,,,,,,,,,,,,,,,,,,,,,,,,,,,,,,,
"LINESTRING (29.7752327 59.9889671, 29.7751446 59.9888614)",,,,footway,,,,,,,,,,,paving_stones,,,,,,,,,,,,,,,,,,,,,,,,,,,,,,,
"LINESTRING (29.7753614 59.9891216, 29.7753494 59.9891072, 29.7752327 59.9889671, 29.7749776 59.9890203)",,,,footway,,,,,,,,,,,tartan,,,,,,,,,,,,,,,,,,,,,,,,,,,,,,,
"LINESTRING (29.77548 59.9896165, 29.7754528 59.9895841, 29.7751069 59.9891754, 29.7750943 59.9891604)",,,,footway,,,,,,,,,,,paving_stones,,,,,,,,,,,,,,,,,,,,,,,,,,,,,,,
"LINESTRING (29.7754528 59.9895841, 29.7757603 59.989519, 29.7758882 59.9895347)",,,,footway,,,,,,,,,,,paving_stones,,,,,,,,,,,,,,,,,,,,,,,,,,,,,,,
"LINESTRING (29.7749631 59.9892054, 29.7751069 59.9891754, 29.7753614 59.9891216, 29.7754145 59.9891104, 29.7755343 59.9890851)",,,,footway,,,,,,,,,,,paving_stones,,,,,,,,,,,,,,,,,,,,,,,,,,,,,,,
"LINESTRING (29.7731483 59.9884429, 29.7732188 59.9884746, 29.7733676 59.9884954, 29.7735557 59.9884891)",,,,footway,,,,,,,,,,,asphalt,,,,,,,,,,,,,,,,,,,,,,,,,,,,,,,
"LINESTRING (29.7744434 59.9871799, 29.7743396 59.9870458)",,,,footway,,,,,,,,,,,,,,,,,,,,,,,,,,,,,,,,,,,,,,,,,,
"LINESTRING (29.7744558 59.9871967, 29.7745461 59.9871784)",,,,footway,,,,,,,,,,,tartan,,,,,,,,,,,,,,,,,,,,,,,,,,,,,,,
"LINESTRING (29.7740558 59.9874927, 29.774052 59.9874879, 29.7739243 59.9873269, 29.7738691 59.9872574)",,,,footway,,,,,,,,,,,asphalt,,,,,,,,,,,,,,,,,,,,,,,,,,,,,,,
"LINESTRING (29.7739605 59.9873197, 29.7739243 59.9873269, 29.7737034 59.9873707)",,,,footway,,,,,,,,,,,asphalt,,,,,,,,,,,,,,,,,,,,,,,,,,,,,,,
"LINESTRING (29.7715776 59.9880101, 29.7712632 59.9876228, 29.7712493 59.9876057, 29.7711098 59.9874339)",,,,service,,,,,,,,,,,,,,,,,,,,,,,,,,,,,,,,,,,,,,,,,,
"LINESTRING (29.7733746 59.9881824, 29.7732362 59.9882103)",,,,footway,,,,,yes,,,,,,asphalt,,,,,,,,,,,,,,,,,,,,,,sidewalk,,,,,,,,,
"LINESTRING (29.7731339 59.9880834, 29.7731688 59.9881267, 29.7732037 59.98817)",,,,footway,,,,,,,,,,,asphalt,,,,,,,,,,,,,,,,,,,,,,crossing,,,,,,,,,
"LINESTRING (29.76972 59.9879169, 29.7712493 59.9876057, 29.7725411 59.9873428, 29.7730674 59.9880009, 29.7731339 59.9880834)",,,,footway,,,,,,,,,,,asphalt,,,,,,,,,,,,,,,,,,,,,,sidewalk,,,,,,,,,
"LINESTRING (29.7701739 59.9887235, 29.7695093 59.9879034, 29.76945 59.9878302, 29.7694052 59.9877749)",,,,residential,,,,,yes,Коммунистическая улица,,,,,asphalt,2,RU:urban,,197760,,,,,,,,Q16665140,,,,,,,,,,,,,,,,,,,
"LINESTRING (29.7824225 59.9862354, 29.7808972 59.9865409, 29.7807041 59.9865801)",,,,tertiary,,,,,yes,Петровская улица,,,,,asphalt,2,RU:urban,,197762,,,excellent,,,,,Q4361182,,,,,,,,,,,,,,,,,,,no
"LINESTRING (29.7667759 59.988124, 29.7668162 59.9880964)",,,,steps,no,,,,,,,,,,paving_stones,,,,,,,,,,,,,,,,,no,down,no,,,,,,,,,,5,,
"LINESTRING (29.7654498 59.9881712, 29.7654722 59.9881667)",,,,steps,,,,,,,,,,,paving_stones,,,,,,,,,,,,,,,,,no,up,,,,,,,,,,,2,,
"LINESTRING (29.7654722 59.9881667, 29.7655042 59.9881601)",,,,footway,,,,,,,,,,,asphalt,,,,,,,,,,,,,,,,,,,,,,,,,,,,,,,
"LINESTRING (29.7776176 59.9871144, 29.7775778 59.9870663)",,,,footway,,,,,,,,,,,asphalt,,,,,,,,,,,,,,,,,,,,,,,,,,,,,,,
"LINESTRING (29.7775333 59.9870752, 29.7775734 59.9871236)",,,,footway,,,,,,,,,,,asphalt,,,,,,,,,,,,,,,,,,,,,,,,,,,,,,,
"LINESTRING (29.7775734 59.9871236, 29.7776176 59.9871144, 29.7777648 59.9870839, 29.7777258 59.987037)",,,,footway,,,,,,,,,,,asphalt,,,,,,,,,,,,,,,,,,,,,,,,,,,,,,,
